GROUP,SITE,DATE,TIME,SPECIES,COUNT,ANTLERED,YOUNG,DATE.TIME
4,PM19,1/3/2018,11:12,deer,2,0,1,1/3/2018 23:12
4,PM19,1/3/2018,11:13,deer,2,0,1,1/3/2018 23:13
4,PM19,1/3/2018,11:15,deer,1,0,1,1/3/2018 23:15
4,PM19,1/8/2018,8:45,deer,1,1,0,1/8/2018 20:45
4,PM19,1/8/2018,8:53,deer,1,1,0,1/8/2018 20:53
4,PM19,1/8/2018,10:31,deer,1,0,0,1/8/2018 22:31
4,PM19,1/9/2018,3:10,deer,1,0,0,1/9/2018 3:10
4,PM19,1/9/2018,3:12,deer,1,0,0,1/9/2018 3:12
4,PM19,1/9/2018,3:13,deer,2,0,1,1/9/2018 3:13
4,PM19,1/9/2018,3:15,deer,2,0,1,1/9/2018 3:15
4,PM19,1/9/2018,3:16,deer,2,0,1,1/9/2018 3:16
4,PM19,1/12/2018,6:35,deer,1,0,0,1/12/2018 6:35
4,PM19,1/15/2018,8:27,deer,1,1,0,1/15/2018 20:27
4,PM19,1/19/2018,1:29,deer,1,0,0,1/19/2018 1:29
4,PM19,1/19/2018,1:52,deer,1,1,0,1/19/2018 1:52
4,PM19,1/19/2018,1:53,deer,1,0,0,1/19/2018 1:53
4,PM19,1/19/2018,1:54,deer,1,0,0,1/19/2018 1:54
4,PM19,1/19/2018,1:55,deer,1,0,0,1/19/2018 1:55
4,PM19,1/19/2018,1:59,deer,1,1,0,1/19/2018 1:59
4,PM19,1/19/2018,4:06,deer,1,1,0,1/19/2018 4:06
4,PM19,1/19/2018,6:39,deer,1,0,0,1/19/2018 6:39
4,PM19,1/19/2018,11:37,deer,1,0,1,1/19/2018 23:37
4,PM19,1/19/2018,11:38,deer,1,0,0,1/19/2018 23:38
4,PM19,1/19/2018,11:39,deer,1,0,0,1/19/2018 23:39
4,PM19,1/20/2018,10:44,deer,2,0,0,1/20/2018 22:44
4,PM19,1/20/2018,10:45,deer,3,0,0,1/20/2018 22:45
4,PM19,1/20/2018,10:46,deer,2,0,0,1/20/2018 22:46
4,PM19,1/20/2018,10:47,deer,1,0,0,1/20/2018 22:47
4,PM19,1/21/2018,2:05,deer,1,0,0,1/21/2018 2:05
4,PM19,1/21/2018,3:27,deer,2,0,1,1/21/2018 3:27
4,PM19,1/21/2018,3:29,deer,2,0,1,1/21/2018 3:29
4,PM19,1/21/2018,3:31,deer,1,0,1,1/21/2018 3:31
4,PM19,1/21/2018,4:21,deer,1,0,0,1/21/2018 4:21
4,PM19,1/22/2018,1:00,deer,1,1,0,1/22/2018 1:00
4,PM19,1/22/2018,6:09,deer,1,0,0,1/22/2018 6:09
4,PM19,1/22/2018,6:10,deer,1,0,1,1/22/2018 6:10
4,PM19,1/22/2018,6:12,deer,1,0,0,1/22/2018 6:12
4,PM19,1/22/2018,6:14,deer,1,0,1,1/22/2018 6:14
4,PM19,1/22/2018,6:16,deer,1,0,1,1/22/2018 6:16
4,PM19,1/22/2018,6:17,deer,1,0,1,1/22/2018 6:17
4,PM19,1/22/2018,6:21,deer,1,0,0,1/22/2018 6:21
4,PM19,1/22/2018,6:22,deer,1,0,0,1/22/2018 6:22
4,PM19,1/23/2018,9:33,deer,1,0,0,1/23/2018 21:33
4,PM19,1/23/2018,9:46,deer,1,1,0,1/23/2018 21:46
4,PM19,1/23/2018,9:47,deer,2,1,0,1/23/2018 21:47
4,PM19,1/23/2018,9:48,deer,2,1,0,1/23/2018 21:48
4,PM19,1/23/2018,9:49,deer,2,0,0,1/23/2018 21:49
4,PM19,1/23/2018,9:54,deer,1,0,1,1/23/2018 21:54
4,PM19,1/23/2018,9:59,deer,1,0,1,1/23/2018 21:59
4,PM19,1/23/2018,10:01,deer,1,0,1,1/23/2018 22:01
4,PM19,1/23/2018,10:02,deer,1,0,1,1/23/2018 22:02
4,PM19,1/23/2018,10:03,deer,1,0,1,1/23/2018 22:03
4,PM19,1/23/2018,10:54,deer,1,0,1,1/23/2018 22:54
4,PM19,1/23/2018,10:55,deer,1,0,1,1/23/2018 22:55
4,PM19,1/25/2018,7:02,deer,2,1,0,1/25/2018 7:02
4,PM19,1/26/2018,2:05,deer,1,0,0,1/26/2018 2:05
4,PM19,1/26/2018,2:14,deer,1,0,0,1/26/2018 2:14
4,PM19,1/26/2018,2:21,deer,1,0,0,1/26/2018 2:21
4,PM19,1/27/2018,1:29,deer,1,0,1,1/27/2018 1:29
4,PM19,1/27/2018,9:50,deer,1,0,0,1/27/2018 21:50
4,PM19,1/27/2018,9:51,deer,1,0,0,1/27/2018 21:51
4,PM19,1/29/2018,6:19,deer,1,0,0,1/29/2018 18:19
4,PM19,1/29/2018,6:27,deer,1,0,0,1/29/2018 18:27
4,PM19,1/29/2018,6:28,deer,1,0,0,1/29/2018 18:28
4,PM19,1/29/2018,10:55,deer,1,0,0,1/29/2018 22:55
4,PM19,1/29/2018,11:31,deer,1,0,0,1/29/2018 23:31
4,PM19,1/30/2018,1:14,deer,1,0,0,1/30/2018 1:14
4,PM19,1/30/2018,6:45,deer,1,0,0,1/30/2018 18:45
4,PM19,1/30/2018,6:48,deer,2,0,1,1/30/2018 18:48
4,PM19,1/30/2018,6:51,deer,1,0,0,1/30/2018 18:51
4,PM19,1/30/2018,6:52,deer,1,0,0,1/30/2018 18:52
4,PM19,1/30/2018,6:57,deer,2,0,1,1/30/2018 18:57
4,PM19,1/30/2018,7:06,deer,1,0,0,1/30/2018 19:06
4,PM19,1/30/2018,7:07,deer,2,1,1,1/30/2018 19:07
4,PM19,1/30/2018,7:08,deer,1,1,0,1/30/2018 19:08
4,PM19,1/30/2018,7:09,deer,1,1,0,1/30/2018 19:09
4,PM19,1/30/2018,7:10,deer,1,1,0,1/30/2018 19:10
4,PM19,1/30/2018,7:11,deer,1,1,0,1/30/2018 19:11
4,PM19,1/30/2018,7:13,deer,1,0,0,1/30/2018 19:13
4,PM19,1/30/2018,7:15,deer,1,1,0,1/30/2018 19:15
4,PM19,1/30/2018,7:16,deer,1,1,0,1/30/2018 19:16
4,PM19,1/30/2018,7:18,deer,1,1,0,1/30/2018 19:18
4,PM19,1/30/2018,7:19,deer,1,1,0,1/30/2018 19:19
4,PM19,1/30/2018,7:20,deer,1,1,0,1/30/2018 19:20
4,PM19,1/30/2018,7:59,deer,1,0,0,1/30/2018 19:59
4,PM19,1/30/2018,10:38,deer,1,0,0,1/30/2018 22:38
4,PM19,1/30/2018,10:44,deer,1,0,0,1/30/2018 22:44
4,PM19,1/30/2018,11:18,deer,2,0,0,1/30/2018 23:18
4,PM19,1/30/2018,11:19,deer,1,0,0,1/30/2018 23:19
4,PM19,1/30/2018,11:22,deer,1,0,0,1/30/2018 23:22
4,PM19,1/31/2018,12:46,deer,1,1,0,1/31/2018 0:46
4,PM19,2/1/2018,3:35,deer,1,1,0,2/1/2018 3:35
4,PM19,2/1/2018,5:34,deer,1,1,0,2/1/2018 5:34
4,PM19,2/2/2018,8:04,deer,1,0,0,2/2/2018 20:04
4,PM19,2/2/2018,8:05,deer,1,0,0,2/2/2018 20:05
4,PM19,2/2/2018,11:14,deer,1,0,0,2/2/2018 23:14
4,PM19,2/2/2018,11:17,deer,1,1,0,2/2/2018 23:17
4,PM19,2/2/2018,11:29,deer,1,1,0,2/2/2018 23:29
4,PM19,2/2/2018,11:39,deer,1,1,0,2/2/2018 23:39
4,PM19,2/2/2018,11:41,deer,1,1,0,2/2/2018 23:41
4,PM19,2/2/2018,11:42,deer,3,2,0,2/2/2018 23:42
4,PM19,2/2/2018,11:43,deer,2,2,0,2/2/2018 23:43
4,PM19,2/2/2018,11:44,deer,2,2,0,2/2/2018 23:44
4,PM19,2/2/2018,11:45,deer,1,0,1,2/2/2018 23:45
4,PM19,2/2/2018,11:49,deer,1,1,0,2/2/2018 23:49
4,PM19,2/2/2018,11:51,deer,2,1,0,2/2/2018 23:51
4,PM19,2/2/2018,11:52,deer,2,1,0,2/2/2018 23:52
4,PM19,2/2/2018,11:53,deer,2,0,0,2/2/2018 23:53
4,PM19,2/2/2018,11:55,deer,1,1,0,2/2/2018 23:55
4,PM19,2/2/2018,11:56,deer,1,1,0,2/2/2018 23:56
4,PM19,2/3/2018,12:05,deer,1,1,0,2/3/2018 0:05
4,PM19,2/3/2018,12:06,deer,1,1,0,2/3/2018 0:06
4,PM19,2/3/2018,12:21,deer,1,0,0,2/3/2018 0:21
4,PM19,2/3/2018,12:22,deer,2,1,0,2/3/2018 0:22
4,PM19,2/3/2018,2:50,deer,1,0,1,2/3/2018 2:50
4,PM19,2/3/2018,2:51,deer,1,0,1,2/3/2018 2:51
4,PM19,2/3/2018,4:38,deer,1,0,0,2/3/2018 4:38
4,PM19,2/3/2018,4:54,deer,1,1,0,2/3/2018 4:54
4,PM19,2/5/2018,1:21,deer,1,1,0,2/5/2018 1:21
4,PM19,2/5/2018,1:28,deer,2,0,0,2/5/2018 1:28
4,PM19,2/5/2018,10:02,deer,1,0,0,2/5/2018 22:02
4,PM19,2/5/2018,11:27,deer,2,0,0,2/5/2018 23:27
4,PM19,2/5/2018,11:29,deer,1,0,0,2/5/2018 23:29
4,PM19,2/6/2018,12:08,deer,1,1,0,2/6/2018 0:08
4,PM19,2/6/2018,2:08,deer,1,0,0,2/6/2018 2:08
4,PM19,2/6/2018,2:40,deer,1,0,0,2/6/2018 2:40
4,PM19,2/6/2018,2:46,deer,1,0,0,2/6/2018 2:46
4,PM19,2/6/2018,2:48,deer,1,0,0,2/6/2018 2:48
4,PM19,2/6/2018,2:51,deer,1,0,0,2/6/2018 2:51
4,PM19,2/6/2018,4:43,deer,1,0,0,2/6/2018 4:43
4,PM19,2/6/2018,6:18,deer,1,0,0,2/6/2018 18:18
4,PM19,2/8/2018,4:50,deer,1,1,0,2/8/2018 4:50
4,PM19,2/19/2018,6:08,deer,1,0,0,2/19/2018 18:08
4,PM19,2/19/2018,6:47,deer,1,1,0,2/19/2018 6:47
4,PM19,2/24/2018,5:33,deer,1,0,0,2/24/2018 5:33
4,PM19,2/26/2018,3:37,deer,1,0,0,2/26/2018 3:37
4,PM19,2/26/2018,5:48,deer,2,0,0,2/26/2018 5:48
4,PM19,2/27/2018,3:39,deer,1,0,0,2/27/2018 3:39
4,PM19,2/27/2018,3:48,deer,1,0,0,2/27/2018 3:48
4,PM19,2/28/2018,3:53,deer,2,0,0,2/28/2018 3:53
4,PM19,3/1/2018,2:03,deer,1,0,0,3/1/2018 2:03
4,PM19,3/1/2018,2:25,deer,1,0,0,3/1/2018 2:25
4,PM19,3/4/2018,4:24,deer,1,0,0,3/4/2018 4:24
4,PM19,3/4/2018,4:33,deer,1,1,0,3/4/2018 4:33
4,PM19,3/5/2018,1:27,deer,1,0,0,3/5/2018 1:27
4,PM19,3/5/2018,6:54,deer,1,0,0,3/5/2018 6:54
4,PM19,3/6/2018,4:03,deer,1,1,0,3/6/2018 4:03
4,PM19,3/6/2018,4:04,deer,1,1,0,3/6/2018 4:04
4,PM19,3/6/2018,4:05,deer,1,0,0,3/6/2018 4:05
4,PM19,3/6/2018,4:09,deer,1,1,0,3/6/2018 4:09
4,PM19,3/6/2018,4:13,deer,1,1,0,3/6/2018 4:13
4,PM19,3/6/2018,4:14,deer,2,1,0,3/6/2018 4:14
4,PM19,3/6/2018,6:22,deer,2,0,0,3/6/2018 6:22
4,PM21,1/2/2018,5:11,deer,1,0,0,1/2/2018 17:11
4,PM21,1/2/2018,5:22,deer,1,1,0,1/2/2018 17:22
4,PM21,1/2/2018,5:24,deer,1,1,0,1/2/2018 17:24
4,PM21,1/2/2018,8:33,deer,2,0,0,1/2/2018 20:33
4,PM21,1/3/2018,7:29,deer,1,0,0,1/3/2018 19:29
4,PM21,1/4/2018,7:20,deer,1,0,0,1/4/2018 7:20
4,PM21,1/4/2018,5:04,deer,1,0,0,1/4/2018 17:04
4,PM21,1/5/2018,8:11,deer,2,0,0,1/5/2018 20:11
4,PM21,1/6/2018,4:12,deer,1,0,0,1/6/2018 16:12
4,PM21,1/6/2018,4:16,deer,3,0,0,1/6/2018 16:16
4,PM21,1/6/2018,4:18,deer,2,0,0,1/6/2018 16:18
4,PM21,1/7/2018,5:14,deer,1,0,1,1/7/2018 17:14
4,PM21,1/10/2018,5:46,deer,1,0,0,1/10/2018 17:46
4,PM21,1/10/2018,5:48,deer,1,0,0,1/10/2018 17:48
4,PM21,1/11/2018,12:50,deer,1,1,0,1/11/2018 0:50
4,PM21,1/11/2018,5:12,deer,1,0,0,1/11/2018 17:12
4,PM21,1/13/2018,5:49,deer,1,0,0,1/13/2018 17:49
4,PM21,1/13/2018,5:52,deer,1,0,0,1/13/2018 17:52
4,PM21,1/15/2018,1:07,deer,1,0,0,1/15/2018 1:07
4,PM21,1/17/2018,6:30,deer,1,0,0,1/17/2018 6:30
4,PM21,1/17/2018,5:51,deer,1,0,0,1/17/2018 17:51
4,PM21,1/18/2018,1:06,deer,1,0,1,1/18/2018 13:06
4,PM21,1/18/2018,10:35,deer,1,0,0,1/18/2018 22:35
4,PM21,1/24/2018,6:01,deer,2,0,0,1/24/2018 18:01
4,PM21,1/24/2018,6:03,deer,1,0,0,1/24/2018 18:03
4,PM21,1/26/2018,6:11,deer,1,0,0,1/26/2018 18:11
4,PM21,1/29/2018,1:47,deer,1,0,0,1/29/2018 1:47
4,PM21,2/2/2018,5:24,deer,2,2,0,2/2/2018 17:24
4,PM21,2/2/2018,5:29,deer,2,1,0,2/2/2018 17:29
4,PM21,2/6/2018,6:14,deer,1,0,0,2/6/2018 18:14
4,PM21,2/14/2018,6:43,deer,1,0,0,2/14/2018 18:43
4,PM21,2/14/2018,11:55,deer,1,0,0,2/14/2018 23:55
4,PM21,2/18/2018,11:10,deer,1,0,0,2/18/2018 23:10
4,PM21,2/22/2018,6:59,deer,1,0,0,2/22/2018 18:59
4,PM21,2/23/2018,1:42,deer,1,0,0,2/23/2018 1:42
4,PM21,2/27/2018,7:17,deer,1,0,0,2/27/2018 7:17
4,PM21,3/3/2018,7:59,deer,1,0,0,3/3/2018 7:59
4,PM21,3/14/2018,6:24,deer,1,0,0,3/14/2018 18:24
4,PM21,3/14/2018,6:26,deer,1,0,0,3/14/2018 18:26
4,PM21,3/14/2016,6:38,deer,5,0,0,3/14/2016 18:38
4,PM21,3/17/2018,7:43,deer,1,0,0,3/17/2018 7:43
4,PM21,3/17/2018,7:54,deer,1,0,0,3/17/2018 7:54
4,PM21,3/18/2018,7:06,deer,1,0,0,3/18/2018 7:06
4,PM21,3/18/2018,1:53,deer,9,0,0,3/18/2018 13:53
4,PM21,3/18/2018,7:37,deer,1,0,0,3/18/2018 19:37
4,PM21,3/20/2018,7:20,deer,1,0,0,3/20/2018 19:20
4,PM21,3/22/2018,6:53,deer,1,0,0,3/22/2018 6:53
4,PM21,3/22/2018,6:56,deer,1,0,0,3/22/2018 6:56
3,PM15,1/1/2018,15:53:07,deer,3,0,0,1/1/2018 15:53
3,PM15,1/2/2018,14:05:46,deer,1,1,0,1/2/2018 14:05
3,PM15,1/3/2018,9:56:29,deer,1,1,0,1/3/2018 9:56
3,PM15,1/4/2018,8:01:47,deer,1,0,0,1/4/2018 8:01
3,PM15,1/4/2018,15:53:38,deer,1,0,0,1/4/2018 15:53
3,PM15,1/4/2018,15:56:14,deer,1,0,0,1/4/2018 15:56
3,PM15,1/7/2018,17:18:20,deer,1,0,0,1/7/2018 17:18
3,PM15,1/10/2018,14:15:37,deer,1,0,0,1/10/2018 14:15
3,PM15,1/17/2018,15:48:01,deer,2,0,0,1/17/2018 15:48
3,PM15,1/17/2018,15:50:42,deer,1,0,0,1/17/2018 15:50
3,PM15,1/17/2018,21:14:17,deer,1,1,0,1/17/2018 21:14
3,PM15,1/17/2018,21:16:28,deer,1,0,0,1/17/2018 21:16
3,PM15,1/18/2018,15:01:51,deer,1,1,0,1/18/2018 15:01
3,PM15,1/24/2018,17:30:31,deer,1,0,0,1/24/2018 17:30
3,PM15,1/24/2018,17:32:31,deer,1,0,0,1/24/2018 17:32
3,PM15,1/24/2018,17:35:23,deer,1,0,0,1/24/2018 17:35
3,PM15,1/24/2018,17:37:53,deer,1,0,0,1/24/2018 17:37
3,PM15,1/29/2018,17:50:26,deer,1,0,0,1/29/2018 17:50
3,PM15,1/30/2018,16:31:56,deer,1,0,0,1/30/2018 16:31
3,PM15,2/5/2018,16:15:11,deer,1,0,0,2/5/2018 16:15
3,PM15,2/5/2018,17:15:55,deer,1,0,0,2/5/2018 17:15
3,PM15,2/5/2018,17:29:53,deer,1,1,0,2/5/2018 17:29
3,PM15,2/10/2018,7:51:24,deer,1,0,0,2/10/2018 7:51
3,PM15,2/17/2018,0:44:55,deer,1,0,0,2/17/2018 0:44
3,PM15,2/17/2018,15:06:08,deer,1,0,0,2/17/2018 15:06
3,PM15,2/18/2018,8:44:41,deer,3,0,0,2/18/2018 8:44
3,PM15,2/18/2018,9:01:43,deer,1,0,0,2/18/2018 9:01
3,PM15,2/24/2018,18:32:06,deer,1,1,0,2/24/2018 18:32
3,PM15,2/26/2018,18:06:32,deer,1,0,0,2/26/2018 18:06
3,PM15,2/27/2018,6:45:39,deer,1,0,0,2/27/2018 6:45
3,PM15,2/27/2018,7:29:05,deer,1,0,0,2/27/2018 7:29
3,PM15,3/4/2018,19:57:25,deer,1,0,0,3/4/2018 19:57
3,PM15,3/5/2018,16:58:51,deer,1,0,0,3/5/2018 16:58
3,PM15,3/5/2018,17:01:29,deer,1,0,0,3/5/2018 17:01
3,PM15,3/5/2018,17:04:31,deer,1,0,0,3/5/2018 17:04
3,PM15,3/7/2018,16:32:56,deer,1,0,0,3/7/2018 16:32
3,PM15,3/7/2018,17:30:25,deer,2,0,0,3/7/2018 17:30
3,PM15,3/11/2018,15:31:12,deer,1,0,0,3/11/2018 15:31
3,PM15,3/12/2018,9:44:15,deer,1,0,0,3/12/2018 9:44
3,PM15,3/12/2018,15:07:22,deer,1,0,0,3/12/2018 15:07
3,PM15,3/12/2018,15:09:22,deer,2,0,0,3/12/2018 15:09
3,PM15,3/12/2018,17:26:51,deer,3,0,0,3/12/2018 17:26
3,PM15,3/12/2018,17:35:57,deer,1,0,0,3/12/2018 17:35
3,PM15,3/12/2018,19:09:13,deer,1,0,0,3/12/2018 19:09
3,PM15,3/12/2018,19:12:13,deer,1,0,0,3/12/2018 19:12
3,PM15,3/13/2018,18:09:22,deer,1,0,0,3/13/2018 18:09
3,PM15,3/18/2018,8:09:01,deer,1,0,0,3/18/2018 8:09
3,PM15,3/21/2018,10:58:40,deer,1,0,0,3/21/2018 10:58
3,PM15,3/21/2018,11:15:20,deer,1,0,0,3/21/2018 11:15
3,PM15,3/21/2018,14:10:46,deer,1,1,0,3/21/2018 14:10
3,PM15,3/23/2018,16:11:21,deer,1,0,0,3/23/2018 16:11
3,PM15,3/25/2018,17:06:27,deer,1,0,0,3/25/2018 17:06
3,PM15,3/29/2018,17:03:55,deer,1,0,0,3/29/2018 17:03
3,PM16,1/3/2018,14:55:31,deer,1,1,0,1/3/2018 14:55
3,PM16,1/3/2018,14:58:54,deer,1,1,0,1/3/2018 14:58
3,PM16,1/4/2018,0:11:45,deer,1,1,0,1/4/2018 0:11
3,PM16,1/6/2018,13:15:37,deer,1,0,0,1/6/2018 13:15
3,PM16,1/6/2018,17:21:57,deer,1,0,0,1/6/2018 17:21
3,PM16,1/7/2018,8:17:39,deer,2,0,0,1/7/2018 8:17
3,PM16,1/7/2018,8:57:21,deer,2,0,0,1/7/2018 8:57
3,PM16,1/7/2018,14:19:11,deer,1,0,0,1/7/2018 14:19
3,PM16,1/7/2018,16:47:41,deer,1,0,0,1/7/2018 16:47
3,PM16,1/9/2018,9:43:57,deer,1,0,0,1/9/2018 9:43
3,PM16,1/9/2018,16:00:51,deer,1,0,0,1/9/2018 16:00
3,PM16,1/14/2018,15:57:09,deer,1,0,0,1/14/2018 15:57
3,PM16,1/16/2018,12:07:51,deer,1,0,0,1/16/2018 12:07
3,PM16,1/16/2018,14:49:05,deer,1,0,0,1/16/2018 14:49
3,PM16,1/16/2018,15:09:11,deer,1,0,0,1/16/2018 15:09
3,PM16,1/16/2018,15:29:02,deer,2,1,0,1/16/2018 15:29
3,PM16,1/18/2018,15:57:10,deer,1,1,0,1/18/2018 15:57
3,PM16,1/21/2018,16:51:41,deer,1,1,0,1/21/2018 16:51
3,PM16,1/21/2018,17:33:02,deer,1,0,0,1/21/2018 17:33
3,PM16,1/25/2018,8:58:44,deer,1,0,0,1/25/2018 8:58
3,PM16,1/26/2018,1:17:29,deer,1,0,0,1/26/2018 1:17
3,PM16,1/26/2018,1:19:29,deer,2,0,0,1/26/2018 1:19
3,PM16,1/26/2018,1:21:29,deer,3,0,0,1/26/2018 1:21
3,PM16,1/26/2018,1:23:30,deer,1,0,0,1/26/2018 1:23
3,PM16,1/26/2018,8:41:15,deer,1,0,0,1/26/2018 8:41
3,PM16,1/26/2018,16:08:00,deer,1,0,0,1/26/2018 16:08
3,PM16,1/26/2018,16:18:22,deer,1,0,0,1/26/2018 16:18
3,PM16,1/29/2018,7:26:35,deer,1,0,0,1/29/2018 7:26
3,PM16,1/31/2018,17:21:56,deer,1,1,0,1/31/2018 17:21
3,PM16,2/6/2018,9:15:13,deer,1,0,0,2/6/2018 9:15
3,PM16,2/6/2018,9:18:33,deer,1,0,0,2/6/2018 9:18
3,PM16,2/7/2018,17:05:21,deer,1,0,0,2/7/2018 17:05
3,PM16,2/8/2018,23:18:51,deer,1,0,0,2/8/2018 23:18
3,PM16,2/9/2018,7:54:35,deer,1,0,0,2/9/2018 7:54
3,PM16,2/14/2018,17:21:37,deer,2,0,0,2/14/2018 17:21
3,PM16,2/14/2018,17:24:36,deer,2,0,0,2/14/2018 17:24
3,PM16,2/19/2018,9:09:27,deer,1,0,0,2/19/2018 9:09
3,PM16,2/19/2018,18:43:51,deer,2,0,0,2/19/2018 18:43
3,PM16,2/19/2018,18:46:22,deer,1,0,0,2/19/2018 18:46
3,PM16,2/19/2018,20:15:42,deer,1,0,0,2/19/2018 20:15
3,PM16,2/19/2018,20:18:06,deer,1,0,0,2/19/2018 20:18
3,PM16,2/21/2018,17:47:10,deer,1,0,0,2/21/2018 17:47
3,PM16,2/22/2018,18:14:25,deer,1,1,0,2/22/2018 18:14
3,PM16,2/22/2018,18:57:18,deer,1,0,0,2/22/2018 18:57
3,PM16,2/22/2018,22:23:45,deer,2,0,0,2/22/2018 22:23
3,PM16,2/23/2018,18:28:29,deer,1,0,0,2/23/2018 18:28
3,PM16,2/23/2018,18:30:43,deer,1,0,0,2/23/2018 18:30
3,PM16,2/23/2018,18:34:07,deer,1,0,0,2/23/2018 18:34
3,PM16,2/25/2018,7:21:46,deer,1,0,0,2/25/2018 7:21
3,PM16,2/26/2018,17:31:44,deer,1,0,0,2/26/2018 17:31
3,PM16,2/27/2018,17:32:58,deer,1,0,0,2/27/2018 17:32
3,PM16,2/28/2018,7:52:36,deer,2,0,0,2/28/2018 7:52
3,PM16,3/5/2018,15:53:42,deer,1,0,0,3/5/2018 15:53
3,PM16,3/5/2018,15:55:49,deer,2,0,0,3/5/2018 15:55
3,PM16,3/6/2018,9:56:08,deer,1,0,0,3/6/2018 9:56
3,PM16,3/8/2018,8:17:46,deer,1,0,0,3/8/2018 8:17
3,PM16,3/9/2018,8:24:29,deer,2,0,0,3/9/2018 8:24
3,PM16,3/9/2018,16:43:11,deer,2,0,0,3/9/2018 16:43
3,PM16,3/10/2018,16:47:47,deer,1,0,0,3/10/2018 16:47
3,PM16,3/10/2018,16:50:34,deer,1,0,0,3/10/2018 16:50
3,PM16,3/10/2018,16:55:15,deer,1,0,0,3/10/2018 16:55
3,PM16,3/10/2018,16:59:17,deer,1,0,0,3/10/2018 16:59
3,PM16,3/12/2018,18:41:55,deer,2,0,0,3/12/2018 18:41
3,PM16,3/15/2018,17:13:07,deer,1,0,0,3/15/2018 17:13
3,PM16,3/15/2018,17:19:39,deer,1,0,0,3/15/2018 17:19
3,PM16,3/15/2018,17:25:47,deer,1,0,0,3/15/2018 17:25
3,PM16,3/17/2018,9:17:05,deer,1,0,0,3/17/2018 9:17
3,PM16,3/17/2018,17:31:18,deer,1,0,0,3/17/2018 17:31
3,PM16,3/17/2018,17:40:41,deer,2,0,0,3/17/2018 17:40
3,PM16,3/19/2018,8:45:05,deer,3,0,0,3/19/2018 8:45
3,PM16,3/19/2018,9:12:16,deer,1,0,0,3/19/2018 9:12
3,PM16,3/19/2018,9:55:23,deer,1,0,0,3/19/2018 9:55
3,PM16,3/19/2018,9:57:59,deer,1,0,0,3/19/2018 9:57
3,PM16,3/19/2018,17:55:37,deer,1,0,0,3/19/2018 17:55
3,PM16,3/19/2018,17:59:31,deer,1,0,0,3/19/2018 17:59
3,PM16,3/19/2018,18:19:37,deer,1,0,0,3/19/2018 18:19
3,PM16,3/23/2018,9:09:52,deer,1,0,0,3/23/2018 9:09
3,PM16,3/23/2018,9:12:56,deer,1,0,0,3/23/2018 9:12
3,PM16,3/24/2018,15:37:58,deer,1,0,0,3/24/2018 15:37
3,PM16,3/26/2018,17:22:50,deer,1,0,0,3/26/2018 17:22
3,PM16,3/27/2018,16:19:54,deer,1,1,0,3/27/2018 16:19
3,PM16,3/27/2018,16:30:21,deer,1,0,0,3/27/2018 16:30
3,PM16,3/27/2018,18:05:18,deer,1,0,0,3/27/2018 18:05
3,PM16,3/28/2018,7:23:54,deer,1,0,0,3/28/2018 7:23
3,PM16,3/29/2018,9:13:21,deer,1,0,0,3/29/2018 9:13
3,PM17,2/23/2018,18:50:47,deer,3,0,0,2/23/2018 18:50
3,PM17,3/5/2018,15:53:42,deer,1,0,0,3/5/2018 15:53
3,PM17,3/5/2018,15:55:49,deer,2,0,0,3/5/2018 15:55
3,PM17,3/6/2018,9:56:08,deer,1,0,0,3/6/2018 9:56
3,PM17,3/8/2018,8:17:46,deer,1,0,0,3/8/2018 8:17
3,PM17,3/9/2018,8:24:29,deer,2,0,0,3/9/2018 8:24
3,PM17,3/9/2018,16:43:11,deer,2,0,0,3/9/2018 16:43
3,PM17,3/10/2018,16:47:47,deer,1,0,0,3/10/2018 16:47
3,PM17,3/10/2018,16:50:34,deer,1,0,0,3/10/2018 16:50
3,PM17,3/10/2018,16:55:15,deer,1,0,0,3/10/2018 16:55
3,PM17,3/10/2018,16:59:17,deer,1,0,0,3/10/2018 16:59
3,PM17,3/12/2018,13:36:23,deer,1,0,0,3/12/2018 13:36
3,PM17,3/12/2018,18:41:55,deer,2,0,0,3/12/2018 18:41
3,PM17,3/14/2018,7:49:43,deer,1,0,0,3/14/2018 7:49
3,PM17,3/15/2018,17:13:07,deer,1,0,0,3/15/2018 17:13
3,PM17,3/15/2018,17:19:39,deer,1,0,0,3/15/2018 17:19
3,PM17,3/15/2018,17:25:47,deer,1,0,0,3/15/2018 17:25
3,PM17,3/17/2018,9:17:05,deer,1,0,0,3/17/2018 9:17
3,PM17,3/17/2018,17:31:18,deer,1,0,0,3/17/2018 17:31
3,PM17,3/17/2018,17:40:41,deer,2,0,0,3/17/2018 17:40
3,PM17,3/19/2018,8:45:05,deer,1,0,0,3/19/2018 8:45
3,PM17,3/19/2018,9:12:16,deer,1,0,0,3/19/2018 9:12
3,PM17,3/19/2018,9:55:23,deer,1,0,0,3/19/2018 9:55
3,PM17,3/19/2018,9:57:59,deer,1,0,0,3/19/2018 9:57
3,PM17,3/19/2018,17:55:37,deer,1,0,0,3/19/2018 17:55
3,PM17,3/19/2018,17:59:31,deer,1,0,0,3/19/2018 17:59
3,PM17,3/19/2018,18:19:37,deer,2,0,0,3/19/2018 18:19
3,PM17,3/21/2018,18:22:35,deer,1,0,0,3/21/2018 18:22
3,PM17,3/21/2018,18:27:57,deer,1,0,0,3/21/2018 18:27
3,PM17,3/23/2018,9:09:52,deer,1,0,0,3/23/2018 9:09
3,PM17,3/23/2018,9:12:56,deer,1,0,0,3/23/2018 9:12
3,PM17,3/24/2018,15:37:58,deer,1,0,0,3/24/2018 15:37
3,PM17,3/26/2018,17:22:50,deer,1,0,0,3/26/2018 17:22
3,PM17,3/27/2018,16:19:54,deer,1,1,0,3/27/2018 16:19
3,PM17,3/27/2018,16:30:21,deer,1,0,0,3/27/2018 16:30
3,PM17,3/27/2018,18:05:18,deer,1,0,0,3/27/2018 18:05
3,PM17,3/28/2018,7:23:54,deer,1,0,0,3/28/2018 7:23
3,PM17,3/29/2018,9:13:21,deer,1,0,0,3/29/2018 9:13
3,PM18,1/1/2018,5:48:55,deer,1,0,0,1/1/2018 5:48
3,PM18,1/1/2018,21:03:02,deer,1,0,0,1/1/2018 21:03
3,PM18,1/2/2018,0:44:19,deer,1,0,0,1/2/2018 0:44
3,PM18,1/2/2018,0:45:21,deer,1,0,0,1/2/2018 0:45
3,PM18,1/2/2018,0:46:25,deer,1,1,0,1/2/2018 0:46
3,PM18,1/4/2018,16:43:25,deer,1,0,0,1/4/2018 16:43
3,PM18,1/4/2018,17:19:58,deer,1,0,0,1/4/2018 17:19
3,PM18,1/4/2018,17:31:25,deer,1,1,0,1/4/2018 17:31
3,PM18,1/4/2018,17:33:05,deer,1,1,0,1/4/2018 17:33
3,PM18,1/4/2018,17:35:50,deer,0,1,0,1/4/2018 17:35
3,PM18,1/4/2018,18:55:23,deer,1,0,0,1/4/2018 18:55
3,PM18,1/4/2018,18:56:33,deer,1,0,0,1/4/2018 18:56
3,PM18,1/4/2018,19:21:21,deer,1,0,0,1/4/2018 19:21
3,PM18,1/4/2018,19:22:23,deer,2,0,0,1/4/2018 19:22
3,PM18,1/18/2018,6:46:58,deer,1,0,0,1/18/2018 6:46
3,PM18,1/19/2018,17:45:02,deer,1,0,0,1/19/2018 17:45
3,PM18,1/23/2018,10:19:44,deer,2,0,0,1/23/2018 10:19
3,PM18,1/23/2018,10:31:01,deer,4,0,0,1/23/2018 10:31
3,PM18,1/23/2018,10:34:42,deer,6,0,0,1/23/2018 10:34
3,PM18,1/23/2018,10:37:50,deer,1,0,0,1/23/2018 10:37
3,PM18,1/23/2018,17:47:15,deer,1,0,0,1/23/2018 17:47
3,PM18,1/23/2018,17:48:28,deer,1,0,0,1/23/2018 17:48
3,PM18,1/23/2018,17:49:39,deer,1,0,0,1/23/2018 17:49
3,PM18,1/24/2018,1:26:15,deer,1,0,0,1/24/2018 1:26
3,PM18,1/24/2018,1:27:36,deer,1,0,1,1/24/2018 1:27
3,PM18,1/24/2018,3:07:27,deer,1,0,1,1/24/2018 3:07
3,PM18,1/25/2018,17:01:16,deer,1,0,0,1/25/2018 17:01
3,PM18,1/27/2018,18:25:52,deer,1,0,0,1/27/2018 18:25
3,PM18,1/30/2018,4:23:59,deer,2,0,0,1/30/2018 4:23
3,PM18,1/31/2018,8:11:15,deer,1,0,0,1/31/2018 8:11
3,PM18,1/31/2018,19:44:55,deer,1,0,0,1/31/2018 19:44
3,PM18,2/5/2018,19:39:14,deer,1,1,0,2/5/2018 19:39
3,PM18,2/10/2018,3:48:01,deer,1,0,0,2/10/2018 3:48
3,PM18,2/13/2018,5:21:55,deer,1,0,0,2/13/2018 5:21
3,PM18,2/13/2018,7:15:29,deer,1,0,0,2/13/2018 7:15
3,PM18,2/20/2018,18:24:39,deer,1,1,0,2/20/2018 18:24
3,PM18,2/21/2018,17:39:46,deer,2,0,0,2/21/2018 17:39
3,PM18,2/22/2018,23:02:33,deer,2,1,0,2/22/2018 23:02
3,PM18,2/23/2018,18:30:30,deer,1,0,0,2/23/2018 18:30
3,PM18,2/28/2018,6:16:48,deer,2,0,0,2/28/2018 6:16
3,PM18,2/28/2018,6:18:46,deer,1,0,0,2/28/2018 6:18
3,PM18,2/28/2018,17:06:56,deer,2,1,0,2/28/2018 17:06
3,PM18,3/5/2018,23:24:18,deer,1,0,0,3/5/2018 23:24
3,PM18,3/9/2018,7:07:06,deer,1,0,0,3/9/2018 7:07
3,PM18,3/9/2018,7:11:34,deer,1,0,0,3/9/2018 7:11
3,PM18,3/10/2018,17:45:56,deer,1,0,0,3/10/2018 17:45
3,PM18,3/14/2018,10:24:41,deer,2,0,0,3/14/2018 10:24
3,PM18,3/14/2018,10:26:57,deer,2,1,0,3/14/2018 10:26
3,PM18,3/14/2018,16:10:12,deer,2,0,0,3/14/2018 16:10
3,PM18,3/22/2018,15:25:05,deer,2,0,0,3/22/2018 15:25
3,PM18,3/22/2018,17:46:33,deer,2,0,0,3/22/2018 17:46
3,PM18,3/22/2018,17:49:31,deer,2,0,0,3/22/2018 17:49
3,PM18,3/22/2018,17:53:18,deer,2,0,0,3/22/2018 17:53
3,PM18,3/27/2018,0:47:50,deer,1,0,0,3/27/2018 0:47
3,PM18,3/27/2018,9:25:37,deer,1,0,0,3/27/2018 9:25
3,PM18,3/27/2018,9:27:46,deer,1,0,0,3/27/2018 9:27
3,PM19,1/4/2018,3:52:51,deer,1,1,0,1/4/2018 3:52
3,PM19,1/4/2018,19:11:58,deer,1,1,0,1/4/2018 19:11
3,PM19,1/6/2018,22:21:37,deer,1,0,0,1/6/2018 22:21
3,PM19,1/6/2018,23:46:49,deer,1,1,0,1/6/2018 23:46
3,PM19,1/8/2018,0:22:15,deer,1,0,0,1/8/2018 0:22
3,PM19,1/8/2018,7:55:57,deer,1,1,0,1/8/2018 7:55
3,PM19,1/8/2018,7:58:09,deer,1,1,0,1/8/2018 7:58
3,PM19,1/8/2018,20:42:00,deer,1,1,0,1/8/2018 20:42
3,PM22,1/24/2018,6:56:56,deer,2,0,0,1/24/2018 6:56
3,PM22,1/25/2018,6:56:06,deer,1,0,0,1/25/2018 6:56
3,PM22,1/26/2018,5:05:20,deer,1,0,0,1/26/2018 5:05
3,PM22,1/26/2018,5:08:17,deer,1,0,0,1/26/2018 5:08
3,PM22,1/29/2018,1:44:55,deer,1,1,0,1/29/2018 1:44
3,PM22,1/29/2018,22:25:11,deer,1,0,0,1/29/2018 22:25
3,PM22,1/30/2018,1:16:59,deer,1,0,0,1/30/2018 1:16
3,PM22,1/30/2018,1:54:30,deer,1,0,0,1/30/2018 1:54
3,PM22,1/30/2018,5:41:40,deer,1,1,0,1/30/2018 5:41
3,PM22,1/30/2018,6:50:36,deer,2,2,0,1/30/2018 6:50
3,PM22,1/30/2018,6:52:36,deer,2,2,0,1/30/2018 6:52
3,PM22,1/30/2018,6:56:11,deer,2,1,0,1/30/2018 6:56
3,PM22,1/30/2018,18:48:50,deer,1,0,0,1/30/2018 18:48
3,PM22,1/30/2018,18:58:06,deer,1,0,0,1/30/2018 18:58
3,PM22,1/30/2018,22:53:21,deer,1,0,0,1/30/2018 22:53
3,PM22,1/30/2018,23:31:16,deer,1,0,0,1/30/2018 23:31
3,PM22,1/30/2018,23:37:38,deer,1,0,0,1/30/2018 23:37
3,PM22,1/30/2018,23:40:14,deer,1,0,0,1/30/2018 23:40
3,PM22,1/30/2018,23:45:22,deer,1,0,0,1/30/2018 23:45
3,PM22,1/31/2018,0:01:37,deer,1,0,0,1/31/2018 0:01
3,PM22,1/31/2018,0:04:28,deer,1,0,0,1/31/2018 0:04
3,PM22,1/31/2018,1:26:16,deer,1,0,0,1/31/2018 1:26
3,PM22,1/31/2018,1:36:51,deer,1,0,0,1/31/2018 1:36
3,PM22,1/31/2018,1:39:44,deer,1,0,0,1/31/2018 1:39
3,PM22,1/31/2018,1:44:46,deer,1,0,0,1/31/2018 1:44
3,PM22,1/31/2018,2:52:08,deer,1,0,0,1/31/2018 2:52
3,PM22,1/31/2018,3:16:07,deer,1,0,0,1/31/2018 3:16
3,PM22,1/31/2018,3:30:11,deer,1,0,0,1/31/2018 3:30
3,PM22,1/31/2018,4:04:35,deer,1,1,0,1/31/2018 4:04
3,PM22,1/31/2018,6:52:06,deer,1,0,0,1/31/2018 6:52
3,PM22,2/1/2018,1:06:55,deer,1,0,0,2/1/2018 1:06
3,PM22,2/1/2018,17:33:45,deer,1,1,0,2/1/2018 17:33
3,PM22,2/1/2018,17:37:02,deer,2,0,0,2/1/2018 17:37
3,PM22,2/1/2018,23:29:55,deer,1,0,0,2/1/2018 23:29
3,PM22,2/1/2018,23:53:41,deer,1,0,0,2/1/2018 23:53
3,PM22,2/1/2018,23:56:37,deer,2,0,0,2/1/2018 23:56
3,PM22,2/2/2018,6:56:55,deer,1,0,0,2/2/2018 6:56
3,PM22,2/3/2018,1:15:45,deer,1,0,0,2/3/2018 1:15
3,PM22,2/3/2018,1:18:18,deer,1,1,0,2/3/2018 1:18
3,PM22,2/3/2018,1:28:34,deer,1,1,0,2/3/2018 1:28
3,PM22,2/3/2018,1:53:41,deer,1,0,0,2/3/2018 1:53
3,PM22,2/3/2018,4:08:16,deer,1,0,0,2/3/2018 4:08
3,PM22,2/5/2018,1:12:28,deer,1,0,0,2/5/2018 1:12
3,PM22,2/6/2018,1:14:13,deer,1,0,0,2/6/2018 1:14
3,PM22,2/6/2018,5:38:10,deer,1,0,0,2/6/2018 5:38
3,PM22,2/6/2018,6:22:55,deer,1,0,0,2/6/2018 6:22
3,PM22,2/7/2018,4:32:22,deer,1,0,0,2/7/2018 4:32
3,PM22,2/7/2018,23:41:28,deer,2,0,0,2/7/2018 23:41
3,PM22,2/7/2018,23:45:26,deer,1,0,0,2/7/2018 23:45
3,PM22,2/8/2018,4:37:46,deer,1,0,0,2/8/2018 4:37
3,PM22,2/8/2018,5:15:49,deer,1,1,0,2/8/2018 5:15
3,PM22,2/8/2018,5:58:56,deer,1,0,0,2/8/2018 5:58
3,PM22,2/8/2018,6:04:05,deer,1,0,0,2/8/2018 6:04
3,PM22,2/8/2018,6:49:15,deer,1,0,0,2/8/2018 6:49
3,PM22,2/8/2018,22:54:22,deer,1,1,0,2/8/2018 22:54
3,PM22,2/11/2018,19:33:20,deer,2,0,0,2/11/2018 19:33
3,PM22,2/17/2018,9:39:31,deer,2,1,0,2/17/2018 9:39
3,PM22,2/18/2018,6:55:17,deer,1,0,0,2/18/2018 6:55
3,PM22,2/19/2018,14:39:30,deer,1,0,0,2/19/2018 14:39
3,PM22,2/19/2018,18:20:44,deer,1,0,0,2/19/2018 18:20
3,PM22,2/19/2018,18:35:52,deer,1,0,0,2/19/2018 18:35
3,PM22,2/20/2018,12:56:24,deer,5,0,0,2/20/2018 12:56
3,PM22,2/20/2018,23:01:16,deer,1,0,0,2/20/2018 23:01
3,PM22,2/27/2018,18:12:23,deer,1,0,0,2/27/2018 18:12
3,PM22,3/4/2018,17:55:40,deer,2,0,0,3/4/2018 17:55
3,PM22,3/8/2018,16:38:55,deer,1,0,0,3/8/2018 16:38
3,PM22,3/8/2018,16:41:52,deer,1,0,0,3/8/2018 16:41
3,PM22,3/9/2018,16:11:43,deer,1,0,0,3/9/2018 16:11
3,PM22,3/22/2018,11:48:38,deer,1,0,0,3/22/2018 11:48
3,PM22,3/22/2018,18:56:43,deer,1,0,0,3/22/2018 18:56
3,PM22,3/22/2018,18:59:53,deer,1,0,0,3/22/2018 18:59
3,PM22,3/22/2018,19:02:01,deer,1,0,0,3/22/2018 19:02
3,PM22,3/25/2018,13:10:46,deer,1,0,0,3/25/2018 13:10
3,PM22,3/27/2018,17:54:25,deer,1,0,0,3/27/2018 17:54
3,PM22,3/27/2018,17:56:35,deer,3,0,0,3/27/2018 17:56
3,PM22,3/28/2018,7:15:12,deer,1,0,0,3/28/2018 7:15
3,PM22,3/28/2018,16:10:54,deer,1,0,0,3/28/2018 16:10
3,PM22,3/30/2018,5:40:48,deer,1,0,0,3/30/2018 5:40
3,PM22,3/30/2018,7:13:04,deer,1,0,0,3/30/2018 7:13
3,PM22,3/31/2018,17:53:29,deer,1,0,0,3/31/2018 17:53
3,PM22,3/31/2018,17:56:06,deer,1,0,0,3/31/2018 17:56
1,PM1,3/19/2018,7:10,deer,1,0,0,3/19/2018 19:10
1,PM2,1/5/2018,12:46,deer,1,0,0,1/5/2018 0:46
1,PM2,1/7/2018,7:41,deer,1,0,0,1/7/2018 19:41
1,PM2,1/12/2018,5:20,deer,1,0,0,1/12/2018 17:20
1,PM2,1/14/2018,9:41,deer,1,1,0,1/14/2018 9:41
1,PM2,1/14/2018,9:44,deer,4,1,0,1/14/2018 9:44
1,PM2,1/14/2018,5:24,deer,1,0,0,1/14/2018 17:24
1,PM2,1/19/2018,7:33,deer,1,0,0,1/19/2018 7:33
1,PM2,1/20/2018,9:16,deer,1,0,0,1/20/2018 9:16
1,PM2,1/20/2018,9:40,deer,1,0,0,1/20/2018 9:40
1,PM2,1/20/2018,10:00,deer,1,0,0,1/20/2018 10:00
1,PM2,1/26/2018,2:52,deer,1,0,0,1/26/2018 2:52
1,PM2,1/26/2018,2:54,deer,1,0,0,1/26/2018 2:54
1,PM2,2/11/2018,12:05,deer,1,0,0,2/11/2018 12:05
1,PM2,2/13/2018,12:20,deer,1,0,0,2/13/2018 0:20
1,PM2,2/17/2018,3:06,deer,1,0,0,2/17/2018 15:06
1,PM2,2/23/2018,4:13,deer,1,0,0,2/23/2018 16:13
1,PM2,3/1/2018,2:37,deer,1,0,0,3/1/2018 2:37
1,PM3,1/1/2018,3:46,deer,1,0,0,1/1/2018 15:46
1,PM3,1/1/2018,3:58,deer,1,1,0,1/1/2018 15:58
1,PM3,1/1/2018,5:08,deer,1,0,0,1/1/2018 17:08
1,PM3,1/2/2018,1:21,deer,1,0,0,1/2/2018 13:21
1,PM3,1/3/2018,6:15,deer,1,0,0,1/3/2018 6:15
1,PM3,1/3/2018,6:17,deer,1,0,0,1/3/2018 6:17
1,PM3,1/4/2018,5:25,deer,1,0,0,1/4/2018 17:25
1,PM3,1/6/2018,6:41,deer,1,1,0,1/6/2018 18:41
1,PM3,1/9/2018,7:07,deer,1,0,0,1/9/2018 7:07
1,PM3,1/14/2018,7:39,deer,1,0,0,1/14/2018 7:39
1,PM3,1/15/2018,8:21,deer,1,0,0,1/15/2018 8:21
1,PM3,1/20/2018,7:19,deer,1,0,0,1/20/2018 7:19
1,PM3,1/31/2018,11:28,deer,1,0,0,1/31/2018 11:28
1,PM3,2/1/2018,7:52,deer,1,0,0,2/1/2018 7:52
1,PM3,2/5/2018,3:55,deer,1,0,0,2/5/2018 15:55
1,PM3,2/8/2018,8:34,deer,1,1,0,2/8/2018 8:34
1,PM3,2/13/2018,6:58,deer,1,0,0,2/13/2018 6:58
1,PM3,2/20/2018,6:09,deer,1,0,0,2/20/2018 6:09
1,PM3,2/23/2018,7:26,deer,1,1,0,2/23/2018 7:26
1,PM3,2/26/2018,5:16,deer,1,0,0,2/26/2018 5:16
1,PM3,2/27/2018,7:28,deer,1,0,0,2/27/2018 7:28
1,PM3,2/27/2018,9:49,deer,1,0,0,2/27/2018 9:49
1,PM3,2/28/2018,5:13,deer,1,0,0,2/28/2018 17:13
1,PM3,3/3/2018,7:03,deer,3,0,0,3/3/2018 7:03
1,PM3,3/5/2018,6:16,deer,1,0,0,3/5/2018 18:16
1,PM3,3/23/2018,7:25,deer,1,0,0,3/23/2018 19:25
1,PM19,1/1/2018,12:23,deer,1,0,0,1/1/2018 0:23
1,PM19,1/1/2018,12:50,deer,1,0,0,1/1/2018 0:50
1,PM19,1/1/2018,12:51,deer,1,0,0,1/1/2018 0:51
1,PM19,1/1/2018,8:39,deer,1,0,0,1/1/2018 20:39
1,PM19,1/2/2018,10:29,deer,1,0,0,1/2/2018 22:29
1,PM19,1/2/2018,10:30,deer,1,0,0,1/2/2018 22:30
1,PM19,1/2/2018,10:31,deer,1,0,0,1/2/2018 22:31
1,PM19,1/3/2018,12:05,deer,1,0,0,1/3/2018 0:05
1,PM19,1/3/2018,12:21,deer,1,0,0,1/3/2018 0:21
1,PM19,1/3/2018,8:18,deer,1,0,0,1/3/2018 8:18
1,PM19,1/3/2018,11:02,deer,1,0,0,1/3/2018 23:02
1,PM19,1/3/2018,11:03,deer,2,0,0,1/3/2018 23:03
1,PM19,1/3/2018,11:04,deer,2,0,0,1/3/2018 23:04
1,PM19,1/3/2018,11:05,deer,2,0,0,1/3/2018 23:05
1,PM9,1/1/2018,8:27,deer,1,0,0,1/1/2018 8:27
1,PM9,1/1/2018,8:30,deer,1,0,0,1/1/2018 8:30
1,PM9,1/1/2018,12:38,deer,1,0,0,1/1/2018 12:38
1,PM9,1/2/2018,3:07,deer,1,0,0,1/2/2018 15:07
1,PM9,1/2/2018,3:10,deer,1,0,0,1/2/2018 15:10
1,PM9,1/2/2018,3:12,deer,2,0,0,1/2/2018 15:12
1,PM9,1/2/2018,3:16,deer,1,0,0,1/2/2018 15:16
1,PM9,1/2/2018,3:47,deer,1,0,0,1/2/2018 15:47
1,PM9,1/2/2018,3:49,deer,1,0,0,1/2/2018 15:49
1,PM9,1/2/2018,3:55,deer,1,0,0,1/2/2018 15:55
1,PM9,1/2/2018,3:57,deer,2,0,0,1/2/2018 15:57
1,PM9,1/2/2018,4:04,deer,1,0,0,1/2/2018 16:04
1,PM9,1/2/2018,5:10,deer,1,0,0,1/2/2018 17:10
1,PM9,1/2/2018,5:14,deer,1,0,0,1/2/2018 17:14
1,PM9,1/3/2018,12:41,deer,1,0,0,1/3/2018 12:41
1,PM9,1/6/2018,11:59,deer,1,0,0,1/6/2018 11:59
1,PM9,1/7/2018,4:32,deer,1,0,0,1/7/2018 16:32
1,PM9,1/7/2018,4:35,deer,1,0,0,1/7/2018 16:35
1,PM9,1/9/2018,8:45,deer,1,0,0,1/9/2018 8:45
1,PM9,1/9/2018,8:51,deer,1,0,0,1/9/2018 8:51
1,PM9,1/9/2018,8:54,deer,1,0,0,1/9/2018 8:54
1,PM9,1/10/2018,4:22,deer,1,0,0,1/10/2018 16:22
1,PM9,1/14/2018,8:30,deer,1,0,0,1/14/2018 8:30
1,PM9,1/14/2018,11:36,deer,1,0,0,1/14/2018 11:36
1,PM9,1/14/2018,11:40,deer,1,0,0,1/14/2018 11:40
1,PM9,1/14/2018,4:08,deer,1,0,0,1/14/2018 16:08
1,PM9,1/15/2018,4:32,deer,1,0,0,1/15/2018 16:32
1,PM9,1/15/2018,4:35,deer,3,0,0,1/15/2018 16:35
1,PM9,1/19/2018,9:02,deer,1,0,0,1/19/2018 9:02
1,PM9,1/19/2018,10:11,deer,1,0,0,1/19/2018 10:11
1,PM9,1/19/2018,11:10,deer,1,0,0,1/19/2018 11:10
1,PM9,1/21/2018,8:15,deer,1,0,0,1/21/2018 20:15
1,PM9,1/21/2018,8:16,deer,1,0,0,1/21/2018 20:16
1,PM9,1/24/2018,12:30,deer,1,0,0,1/24/2018 12:30
1,PM9,1/24/2018,12:33,deer,1,0,0,1/24/2018 12:33
1,PM9,1/24/2018,12:38,deer,1,0,0,1/24/2018 12:38
1,PM9,1/24/2018,5:13,deer,2,0,0,1/24/2018 17:13
1,PM5,2/7/2017,5:54,deer,1,0,0,2/7/2017 17:54
1,PM5,2/7/2017,5:58,deer,1,0,0,2/7/2017 17:58
1,PM5,2/8/2017,8:19,deer,1,0,0,2/8/2017 8:19
1,PM5,2/8/2017,8:19,deer,1,0,0,2/8/2017 8:19
1,PM5,2/18/2017,8:38,deer,1,0,0,2/18/2017 8:38
1,PM5,2/27/2017,7:00,deer,1,1,0,2/27/2017 7:00
1,PM5,2/28/2017,7:56,deer,1,0,0,2/28/2017 7:56
1,PM5,3/3/2017,4:39,deer,1,0,0,3/3/2017 16:39
1,PM5,3/5/2017,5:54,deer,1,0,0,3/5/2017 17:54
1,PM5,3/5/2017,5:56,deer,1,0,0,3/5/2017 17:56
1,PM5,3/5/2017,5:59,deer,1,0,0,3/5/2017 17:59
1,PM5,3/5/2017,6:01,deer,1,0,0,3/5/2017 18:01
1,PM5,3/6/2017,10:34,deer,1,0,0,3/6/2017 22:34
1,PM5,3/6/2017,10:35,deer,1,0,0,3/6/2017 22:35
1,PM5,3/6/2017,10:55,deer,1,0,0,3/6/2017 22:55
1,PM5,3/18/2017,10:02,deer,1,0,0,3/18/2017 10:02
1,PM5,1/2/2018,8:02,deer,1,0,0,1/2/2018 8:02
1,PM5,1/2/2018,3:53,deer,1,0,0,1/2/2018 15:53
1,PM5,1/3/2018,11:07,deer,1,1,0,1/3/2018 23:07
1,PM5,1/6/2018,5:54,deer,1,1,0,1/6/2018 17:54
1,PM5,1/14/2018,8:19,deer,1,0,0,1/14/2018 8:19
1,PM5,1/27/2018,5:14,deer,1,0,0,1/27/2018 17:14
1,PM5,1/28/2018,9:37,deer,3,0,0,1/28/2018 21:37
1,PM5,1/29/2018,6:06,deer,1,0,0,1/29/2018 18:06
1,PM5,1/29/2018,6:10,deer,1,0,0,1/29/2018 18:10
1,PM5,1/29/2018,6:16,deer,1,0,0,1/29/2018 18:16
1,PM5,1/30/2018,10:52,deer,1,0,0,1/30/2018 22:52
1,PM5,1/31/2018,3:59,deer,1,0,0,1/31/2018 15:59
1,PM5,1/31/2018,4:15,deer,1,0,0,1/31/2018 16:15
1,PM5,1/31/2018,4:19,deer,3,0,0,1/31/2018 16:19
1,PM5,1/31/2018,4:21,deer,2,0,0,1/31/2018 16:21
1,PM5,1/31/2018,4:24,deer,1,0,0,1/31/2018 16:24
1,PM5,1/31/2018,4:26,deer,1,0,0,1/31/2018 16:26
1,PM5,2/3/2018,5:30,deer,1,0,0,2/3/2018 17:30
1,PM5,2/3/2018,5:48,deer,1,0,0,2/3/2018 17:48
1,PM5,2/4/2018,7:22,deer,1,0,0,2/4/2018 7:22
1,PM5,2/4/2018,1:55,deer,1,0,0,2/4/2018 13:55
1,PM5,2/6/2018,8:05,deer,1,0,0,2/6/2018 8:05
1,PM5,2/6/2018,8:10,deer,1,0,0,2/6/2018 8:10
1,PM5,2/7/2018,4:47,deer,5,0,0,2/7/2018 16:47
1,PM5,2/7/2018,5:24,deer,1,1,0,2/7/2018 17:24
1,PM5,2/8/2018,5:52,deer,1,1,0,2/8/2018 17:52
1,PM5,2/9/2018,5:48,deer,1,0,0,2/9/2018 17:48
1,PM5,2/12/2018,12:27,deer,2,0,0,2/12/2018 0:27
1,PM5,2/12/2018,3:55,deer,1,0,0,2/12/2018 3:55
1,PM5,2/12/2018,5:05,deer,4,0,0,2/12/2018 5:05
1,PM5,2/12/2017,5:46,deer,1,0,0,2/12/2017 5:46
1,PM5,2/12/2018,8:16,deer,1,0,0,2/12/2018 8:16
1,PM5,2/12/2018,9:42,deer,2,0,0,2/12/2018 9:42
1,PM5,2/16/2018,4:10,deer,1,0,0,2/16/2018 4:10
1,PM5,2/17/2018,7:17,deer,1,0,0,2/17/2018 7:17
1,PM5,2/17/2018,11:11,deer,2,0,0,2/17/2018 23:11
1,PM5,2/17/2018,11:18,deer,1,0,0,2/17/2018 23:18
1,PM5,2/17/2018,11:42,deer,2,0,0,2/17/2018 23:42
1,PM5,2/19/2018,7:31,deer,2,0,0,2/19/2018 7:31
1,PM5,2/19/2018,7:47,deer,1,0,1,2/19/2018 7:47
1,PM5,2/21/2018,7:15,deer,1,0,0,2/21/2018 7:15
1,PM5,2/23/2018,10:05,deer,2,0,0,2/23/2018 22:05
1,PM5,2/26/2018,8:49,deer,2,0,0,2/26/2018 8:49
1,PM5,2/26/2018,6:09,deer,1,0,0,2/26/2018 18:09
1,PM5,2/26/2018,6:11,deer,1,0,0,2/26/2018 18:11
1,PM5,2/26/2018,6:16,deer,1,0,0,2/26/2018 18:16
1,PM5,2/27/2018,7:27,deer,1,0,0,2/27/2018 7:27
1,PM5,3/1/2018,6:32,deer,1,0,0,3/1/2018 6:32
1,PM5,3/1/2018,5:20,deer,1,0,0,3/1/2018 17:20
1,PM5,3/1/2018,5:29,deer,2,0,0,3/1/2018 17:29
1,PM5,3/4/2018,3:14,deer,1,0,0,3/4/2018 3:14
1,PM5,3/5/2018,6:32,deer,1,1,0,3/5/2018 6:32
1,PM5,3/5/2018,7:20,deer,1,1,0,3/5/2018 7:20
1,PM5,3/5/2018,5:28,deer,1,0,0,3/5/2018 17:28
1,PM5,3/5/2018,5:59,deer,1,0,0,3/5/2018 17:59
1,PM5,3/5/2018,6:17,deer,1,0,0,3/5/2018 18:17
1,PM5,3/6/2018,5:50,deer,1,0,1,3/6/2018 17:50
1,PM5,3/6/2018,5:56,deer,3,0,1,3/6/2018 17:56
1,PM5,3/10/2018,5:20,deer,2,0,0,3/10/2018 5:20
1,PM5,3/10/2018,6:21,deer,3,0,0,3/10/2018 6:21
1,PM5,3/10/2018,6:36,deer,2,0,0,3/10/2018 6:36
1,PM5,3/11/2018,4:28,deer,1,0,0,3/11/2018 4:28
1,PM5,3/12/2018,5:18,deer,1,0,0,3/12/2018 17:18
1,PM5,3/12/2018,5:21,deer,8,0,0,3/12/2018 17:21
1,PM5,3/12/2018,5:23,deer,3,0,0,3/12/2018 17:23
1,PM5,3/17/2018,8:18,deer,1,0,0,3/17/2018 8:18
1,PM5,3/17/2018,8:57,deer,2,0,0,3/17/2018 8:57
1,PM5,3/19/2018,8:32,deer,1,0,0,3/19/2018 8:32
1,PM5,3/19/2018,8:34,deer,1,0,0,3/19/2018 8:34
1,PM5,3/19/2018,7:49,deer,1,0,0,3/19/2018 19:49
1,PM5,3/19/2018,7:57,deer,2,0,0,3/19/2018 19:57
1,PM5,3/19/2018,8:14,deer,1,0,0,3/19/2018 20:14
1,PM5,3/23/2018,9:23,deer,1,0,0,3/23/2018 9:23
1,PM5,3/24/2018,8:33,deer,3,0,0,3/24/2018 8:33
1,PM5,3/24/2018,8:38,deer,2,0,0,3/24/2018 8:38
1,PM5,3/24/2018,9:29,deer,1,0,1,3/24/2018 9:29
1,PM5,3/24/2018,9:45,deer,2,0,0,3/24/2018 9:45
1,PM5,3/26/2018,8:44,deer,1,0,0,3/26/2018 8:44
1,PM5,3/26/2018,9:21,deer,1,0,0,3/26/2018 9:21
1,PM5,3/26/2018,10:06,deer,1,0,0,3/26/2018 10:06
1,PM5,3/26/2018,11:03,deer,2,0,0,3/26/2018 11:03
1,PM5,3/26/2018,11:19,deer,1,0,0,3/26/2018 11:19
1,PM5,3/26/2018,11:31,deer,2,0,0,3/26/2018 11:31
1,PM5,3/26/2018,11:33,deer,2,0,0,3/26/2018 11:33
1,PM5,3/26/2018,11:41,deer,3,0,0,3/26/2018 11:41
1,PM5,3/29/2018,12:34,deer,1,0,0,3/29/2018 0:34
1,PM5,3/29/2018,12:39,deer,1,0,0,3/29/2018 0:39
1,PM5,3/29/2018,9:36,deer,1,0,0,3/29/2018 9:36
1,PM5,3/31/2018,5:19,deer,1,0,0,3/31/2018 5:19
1,PM5,3/31/2018,5:22,deer,1,0,0,3/31/2018 5:22
1,PM5,3/31/2018,7:42,deer,2,0,0,3/31/2018 7:42
1,PM5,3/31/2018,8:17,deer,1,0,0,3/31/2018 8:17
1,PM5,3/31/2018,11:40,deer,2,0,0,3/31/2018 11:40
1,PM22,1/1/2018,1:47,deer,2,0,0,1/1/2018 1:47
1,PM22,1/1/2018,2:58,deer,1,0,0,1/1/2018 2:58
1,PM22,1/1/2018,9:16,deer,2,0,0,1/1/2018 9:16
1,PM22,1/1/2018,9:18,deer,3,0,0,1/1/2018 9:18
1,PM22,1/1/2018,8:35,deer,1,0,0,1/1/2018 20:35
1,PM22,1/1/2018,8:38,deer,1,0,0,1/1/2018 20:38
1,PM22,1/1/2018,8:40,deer,1,0,0,1/1/2018 20:40
1,PM22,1/1/2018,11:26,deer,1,0,0,1/1/2018 23:26
1,PM22,1/2/2018,2:23,deer,1,0,0,1/2/2018 2:23
1,PM22,1/2/2018,2:29,deer,1,1,0,1/2/2018 2:29
1,PM22,1/2/2018,5:25,deer,1,0,0,1/2/2018 5:25
1,PM22,1/2/2018,9:18,deer,1,0,0,1/2/2018 9:18
1,PM22,1/2/2018,9:20,deer,1,0,0,1/2/2018 9:20
1,PM22,1/2/2018,9:22,deer,2,0,0,1/2/2018 9:22
1,PM22,1/2/2018,9:24,deer,4,0,0,1/2/2018 9:24
1,PM22,1/2/2018,7:12,deer,1,1,0,1/2/2018 19:12
1,PM22,1/2/2018,11:59,deer,1,0,0,1/2/2018 23:59
1,PM22,1/3/2018,6:57,deer,1,0,0,1/3/2018 6:57
1,PM22,1/3/2018,7:28,deer,1,0,0,1/3/2018 7:28
1,PM22,1/3/2018,6:35,deer,1,0,0,1/3/2018 18:35
1,PM22,1/3/2018,11:14,deer,1,0,0,1/3/2018 23:14
1,PM22,1/4/2018,3:30,deer,1,0,0,1/4/2018 3:30
1,PM22,1/4/2018,5:02,deer,2,0,0,1/4/2018 5:02
1,PM22,1/4/2018,5:09,deer,1,0,0,1/4/2018 5:09
1,PM22,1/4/2018,6:13,deer,1,0,0,1/4/2018 6:13
1,PM22,1/4/2018,7:21,deer,1,0,0,1/4/2018 7:21
1,PM22,1/4/2018,9:33,deer,1,0,0,1/4/2018 21:33
1,PM22,1/4/2018,9:35,deer,1,0,0,1/4/2018 21:35
1,PM22,1/4/2018,11:11,deer,1,0,0,1/4/2018 23:11
1,PM22,1/5/2018,2:15,deer,1,0,0,1/5/2018 2:15
1,PM22,1/5/2018,3:56,deer,2,0,0,1/5/2018 3:56
1,PM22,1/5/2018,7:19,deer,1,0,0,1/5/2018 7:19
1,PM22,1/5/2018,6:04,deer,2,0,0,1/5/2018 18:04
1,PM22,1/5/2018,6:06,deer,1,0,0,1/5/2018 18:06
1,PM22,1/5/2018,11:47,deer,1,0,0,1/5/2018 23:47
1,PM22,1/6/2018,1:49,deer,1,0,0,1/6/2018 1:49
1,PM22,1/6/2018,1:53,deer,1,0,0,1/6/2018 1:53
1,PM22,1/6/2018,4:36,deer,1,0,0,1/6/2018 4:36
1,PM22,1/6/2018,6:11,deer,1,0,0,1/6/2018 6:11
1,PM22,1/7/2018,2:09,deer,1,0,0,1/7/2018 2:09
1,PM22,1/7/2018,2:14,deer,1,0,0,1/7/2018 2:14
1,PM22,1/7/2018,4:55,deer,1,0,0,1/7/2018 4:55
1,PM22,1/7/2018,4:57,deer,1,0,0,1/7/2018 4:57
1,PM22,1/7/2018,5:12,deer,1,1,0,1/7/2018 5:12
1,PM22,1/7/2018,7:54,deer,1,0,0,1/7/2018 7:54
1,PM22,1/8/2018,10:55,deer,1,0,0,1/8/2018 22:55
1,PM22,1/13/2018,4:06,deer,1,0,0,1/13/2018 4:06
1,PM22,1/13/2018,5:57,deer,1,0,0,1/13/2018 5:57
1,PM22,1/13/2018,6:41,deer,1,0,0,1/13/2018 6:41
1,PM22,1/13/2018,3:59,deer,1,0,0,1/13/2018 15:59
1,PM22,1/14/2018,1:42,deer,1,0,0,1/14/2018 1:42
1,PM22,1/14/2018,4:48,deer,1,0,0,1/14/2018 4:48
1,PM22,1/14/2018,5:06,deer,1,0,0,1/14/2018 5:06
1,PM22,1/14/2018,7:35,deer,5,0,0,1/14/2018 7:35
1,PM22,1/14/2018,7:11,deer,1,0,0,1/14/2018 19:11
1,PM22,1/14/2018,11:00,deer,1,0,0,1/14/2018 23:00
1,PM22,1/15/2018,2:01,deer,1,0,0,1/15/2018 2:01
1,PM22,1/15/2018,2:35,deer,1,0,0,1/15/2018 2:35
1,PM22,1/15/2018,2:57,deer,1,0,0,1/15/2018 2:57
1,PM22,1/15/2018,8:11,deer,1,0,0,1/15/2018 20:11
1,PM22,1/15/2018,9:40,deer,1,0,0,1/15/2018 21:40
1,PM22,1/18/2018,5:46,deer,1,1,0,1/18/2018 17:46
1,PM22,1/19/2018,10:07,deer,1,0,0,1/19/2018 10:07
1,PM22,1/20/2018,12:34,deer,1,0,0,1/20/2018 0:34
1,PM22,1/21/2018,4:50,deer,1,0,0,1/21/2018 4:50
1,PM22,1/21/2018,5:13,deer,1,0,0,1/21/2018 5:13
1,PM22,1/23/2018,9:18,deer,1,0,0,1/23/2018 21:18
1,PM22,1/24/2018,4:40,deer,2,0,0,1/24/2018 4:40
1,PM4,1/1/2018,3:33:49,deer,1,0,0,1/1/2018 3:33
1,PM4,1/1/2018,5:14:37,deer,1,0,0,1/1/2018 5:14
1,PM4,1/3/2018,21:45:53,deer,1,0,0,1/3/2018 21:45
1,PM4,1/4/2018,21:17:52,deer,1,0,0,1/4/2018 21:17
1,PM4,1/4/2018,21:27:08,deer,1,0,0,1/4/2018 21:27
1,PM4,1/4/2018,23:11:36,deer,2,0,0,1/4/2018 23:11
1,PM4,1/4/2018,23:13:37,deer,1,0,1,1/4/2018 23:13
1,PM4,1/4/2018,23:15:52,deer,1,0,1,1/4/2018 23:15
1,PM4,1/5/2018,5:24:12,deer,1,0,1,1/5/2018 5:24
1,PM4,1/5/2018,5:26:15,deer,1,0,1,1/5/2018 5:26
1,PM4,1/6/2018,6:08:45,deer,1,0,0,1/6/2018 6:08
1,PM4,1/6/2018,6:43:24,deer,1,1,0,1/6/2018 6:43
1,PM4,1/6/2018,7:01:41,deer,1,0,0,1/6/2018 7:01
1,PM4,1/6/2018,7:03:43,deer,1,0,0,1/6/2018 7:03
1,PM4,1/6/2018,7:09:59,deer,1,0,0,1/6/2018 7:09
1,PM4,1/7/2018,0:31:23,deer,1,0,1,1/7/2018 0:31
1,PM4,1/14/2018,19:50:23,deer,1,0,1,1/14/2018 19:50
1,PM4,1/17/2018,4:39:30,deer,1,1,0,1/17/2018 4:39
1,PM4,1/17/2018,4:41:38,deer,1,1,0,1/17/2018 4:41
1,PM4,1/17/2018,21:41:36,deer,1,0,1,1/17/2018 21:41
1,PM4,1/24/2018,18:24:43,deer,1,0,0,1/24/2018 18:24
1,PM4,1/24/2018,19:06:26,deer,1,0,0,1/24/2018 19:06
1,PM4,1/25/2018,23:02:40,deer,1,1,0,1/25/2018 23:02
1,PM4,1/26/2018,18:57:10,deer,1,0,0,1/26/2018 18:57
1,PM4,1/26/2018,18:59:42,deer,1,0,0,1/26/2018 18:59
1,PM4,1/26/2018,19:02:13,deer,1,0,0,1/26/2018 19:02
1,PM4,1/26/2018,19:04:14,deer,1,0,0,1/26/2018 19:04
1,PM4,1/26/2018,19:09:41,deer,1,0,0,1/26/2018 19:09
1,PM4,1/29/2018,19:15:43,deer,1,0,0,1/29/2018 19:15
1,PM4,1/30/2018,6:04:56,deer,1,0,0,1/30/2018 6:04
1,PM4,1/30/2018,6:07:01,deer,1,0,0,1/30/2018 6:07
1,PM4,1/31/2018,1:18:27,deer,1,0,0,1/31/2018 1:18
1,PM4,1/31/2018,5:06:23,deer,1,0,1,1/31/2018 5:06
1,PM4,1/31/2018,5:50:44,deer,1,0,1,1/31/2018 5:50
1,PM4,1/31/2018,7:05:35,deer,1,0,0,1/31/2018 7:05
1,PM4,2/2/2018,2:35:44,deer,1,0,0,2/2/2018 2:35
1,PM4,2/2/2018,5:34:14,deer,1,0,0,2/2/2018 5:34
1,PM4,2/3/2018,6:54:51,deer,1,0,0,2/3/2018 6:54
1,PM4,2/7/2018,6:48:37,deer,1,0,0,2/7/2018 6:48
1,PM4,2/12/2018,18:39:44,deer,1,0,0,2/12/2018 18:39
1,PM4,2/13/2018,19:38:05,deer,1,0,0,2/13/2018 19:38
1,PM4,2/14/2018,17:52:57,deer,1,1,0,2/14/2018 17:52
1,PM4,2/14/2018,17:56:52,deer,1,0,1,2/14/2018 17:56
1,PM4,2/26/2018,18:49:31,deer,1,0,1,2/26/2018 18:49
1,PM4,2/26/2018,18:58:27,deer,1,0,1,2/26/2018 18:58
1,PM4,2/26/2018,22:43:38,deer,1,0,1,2/26/2018 22:43
1,PM4,2/26/2018,22:46:44,deer,1,0,0,2/26/2018 22:46
1,PM4,2/26/2018,23:23:42,deer,2,0,0,2/26/2018 23:23
1,PM4,2/27/2018,0:58:34,deer,2,0,0,2/27/2018 0:58
1,PM4,2/27/2018,1:01:06,deer,3,0,0,2/27/2018 1:01
1,PM4,2/27/2018,1:03:40,deer,1,0,0,2/27/2018 1:03
1,PM4,2/27/2018,6:10:12,deer,2,0,0,2/27/2018 6:10
1,PM4,2/28/2018,2:57:33,deer,1,0,0,2/28/2018 2:57
1,PM4,3/4/2018,3:17:00,deer,1,0,0,3/4/2018 3:17
1,PM4,3/6/2018,23:19:44,deer,1,0,0,3/6/2018 23:19
1,PM4,3/7/2018,11:54:12,deer,1,0,0,3/7/2018 11:54
1,PM4,3/8/2018,18:28:13,deer,1,0,1,3/8/2018 18:28
1,PM4,3/12/2018,21:47:33,deer,1,0,1,3/12/2018 21:47
1,PM4,3/13/2018,1:19:25,deer,2,0,2,3/13/2018 1:19
1,PM4,3/13/2018,1:23:15,deer,1,0,1,3/13/2018 1:23
1,PM4,3/13/2018,12:27:05,deer,1,0,0,3/13/2018 12:27
1,PM4,3/16/2018,20:00:19,deer,1,0,0,3/16/2018 20:00
1,PM4,3/23/2018,18:58:33,deer,1,0,0,3/23/2018 18:58
1,PM4,3/23/2018,19:10:28,deer,1,0,0,3/23/2018 19:10
1,PM4,3/26/2018,7:45:39,deer,1,0,0,3/26/2018 7:45
4,PM19,2/17/2018,19:14,deer,1,0,0,2/17/2018 19:14
4,PM19,2/17/2018,21:44,deer,1,0,0,2/17/2018 21:44
4,PM19,2/19/2018,19:00,deer,1,0,0,2/19/2018 19:00
4,PM19,2/19/2018,19:11,deer,1,0,0,2/19/2018 19:11
4,PM19,2/19/2018,19:36,deer,1,0,0,2/19/2018 19:36
4,PM19,2/21/2018,23:49,deer,1,1,0,2/21/2018 23:49
4,PM19,2/21/2018,23:50,deer,1,0,0,2/21/2018 23:50
4,PM19,2/21/2018,23:51,deer,1,0,0,2/21/2018 23:51
4,PM19,2/23/2018,22:03,deer,1,0,0,2/23/2018 22:03
4,PM19,2/23/2018,22:33,deer,1,0,0,2/23/2018 22:33
4,PM19,2/23/2018,22:38,deer,5,0,3,2/23/2018 22:38
4,PM19,2/23/2018,22:58,deer,2,0,0,2/23/2018 22:58
4,PM19,2/23/2018,23:06,deer,2,0,0,2/23/2018 23:06
4,PM19,2/24/2018,23:39,deer,1,0,0,2/24/2018 23:39
4,PM19,2/24/2018,23:41,deer,1,1,0,2/24/2018 23:41
4,PM19,2/24/2018,23:43,deer,2,0,0,2/24/2018 23:43
4,PM19,2/25/2018,19:19,deer,1,0,0,2/25/2018 19:19
4,PM19,2/25/2018,19:21,deer,2,0,0,2/25/2018 19:21
4,PM19,2/28/2018,18:44,deer,2,0,0,2/28/2018 18:44
4,PM19,2/28/2018,18:45,deer,1,0,0,2/28/2018 18:45
4,PM19,2/28/2018,23:56,deer,1,0,0,2/28/2018 23:56
4,PM19,2/28/2018,23:58,deer,1,1,0,2/28/2018 23:58
4,PM19,2/28/2018,23:59,deer,1,0,0,2/28/2018 23:59
4,PM19,3/1/2018,0:02,deer,1,1,0,3/1/2018 0:02
4,PM19,3/2/2018,19:10,deer,1,0,0,3/2/2018 19:10
4,PM19,3/2/2018,19:16,deer,3,0,2,3/2/2018 19:16
4,PM19,3/2/2018,19:17,deer,2,1,0,3/2/2018 19:17
4,PM19,3/2/2018,19:19,deer,1,1,0,3/2/2018 19:19
4,PM20,1/1/2018,2:16:38,deer,1,0,0,1/1/2018 2:16
4,PM20,1/1/2018,2:17:38,deer,2,0,0,1/1/2018 2:17
4,PM20,1/1/2018,3:13:37,deer,1,0,0,1/1/2018 3:13
4,PM20,1/1/2018,23:49:32,deer,1,0,0,1/1/2018 23:49
4,PM20,1/2/2018,17:54:46,deer,1,0,0,1/2/2018 17:54
4,PM20,1/2/2018,17:55:50,deer,4,0,0,1/2/2018 17:55
4,PM20,1/2/2018,17:56:53,deer,3,0,0,1/2/2018 17:56
4,PM20,1/2/2018,18:06:32,deer,1,0,0,1/2/2018 18:06
4,PM20,1/2/2018,23:38:38,deer,1,0,0,1/2/2018 23:38
4,PM20,1/5/2018,0:01:00,deer,1,1,0,1/5/2018 0:01
4,PM20,1/5/2018,7:27:15,deer,1,0,0,1/5/2018 7:27
4,PM20,1/5/2018,7:29:15,deer,2,0,0,1/5/2018 7:29
4,PM20,1/5/2018,7:33:57,deer,1,1,0,1/5/2018 7:33
4,PM20,1/5/2018,22:56:20,deer,1,1,0,1/5/2018 22:56
4,PM20,1/6/2018,21:53:59,deer,1,0,0,1/6/2018 21:53
4,PM20,1/7/2018,6:57:25,deer,1,0,0,1/7/2018 6:57
4,PM20,1/10/2018,18:35:14,deer,1,1,0,1/10/2018 18:35
4,PM20,1/13/2018,7:33:43,deer,1,0,0,1/13/2018 7:33
4,PM20,1/13/2018,7:39:29,deer,2,1,0,1/13/2018 7:39
4,PM20,1/13/2018,7:41:43,deer,1,0,0,1/13/2018 7:41
4,PM20,1/13/2018,7:45:20,deer,2,1,0,1/13/2018 7:45
4,PM20,1/16/2018,8:00:34,deer,1,0,0,1/16/2018 8:00
4,PM20,1/19/2018,17:23:45,deer,1,0,0,1/19/2018 17:23
4,PM20,1/19/2018,22:54:31,deer,1,0,0,1/19/2018 22:54
4,PM20,1/20/2018,6:54:51,deer,1,0,0,1/20/2018 6:54
4,PM20,1/20/2018,6:57:12,deer,2,0,0,1/20/2018 6:57
4,PM20,1/27/2018,1:51:32,deer,1,0,0,1/27/2018 1:51
4,PM20,1/30/2018,5:23:26,deer,1,1,0,1/30/2018 5:23
4,PM20,2/3/2018,4:24:38,deer,1,0,0,2/3/2018 4:24
4,PM20,2/3/2018,5:23:03,deer,1,0,0,2/3/2018 5:23
4,PM20,2/5/2018,23:42:34,deer,1,1,0,2/5/2018 23:42
4,PM20,2/6/2018,3:10:46,deer,2,0,0,2/6/2018 3:10
4,PM20,2/8/2018,23:47:26,deer,1,0,0,2/8/2018 23:47
4,PM20,2/12/2018,2:48:22,deer,1,0,0,2/12/2018 2:48
4,PM20,2/13/2018,18:22:17,deer,1,0,0,2/13/2018 18:22
4,PM20,2/15/2018,7:35:26,deer,1,0,0,2/15/2018 7:35
4,PM20,2/15/2018,7:42:16,deer,1,0,0,2/15/2018 7:42
4,PM20,2/17/2018,4:08:54,deer,1,0,0,2/17/2018 4:08
4,PM20,2/23/2018,6:16:52,deer,1,0,0,2/23/2018 6:16
4,PM20,2/23/2018,6:18:21,deer,1,0,0,2/23/2018 6:18
4,PM20,2/23/2018,6:23:17,deer,1,0,0,2/23/2018 6:23
4,PM20,2/28/2018,19:57:40,deer,1,0,0,2/28/2018 19:57
4,PM20,2/28/2018,20:03:19,deer,1,0,0,2/28/2018 20:03
4,PM20,3/3/2018,1:35:18,deer,1,0,0,3/3/2018 1:35
4,PM20,3/8/2018,1:56:29,deer,2,0,0,3/8/2018 1:56
4,PM20,3/15/2018,5:07:58,deer,1,0,0,3/15/2018 5:07
4,PM20,3/18/2018,5:36:01,deer,1,0,0,3/18/2018 5:36
4,PM20,3/18/2018,5:37:01,deer,1,0,0,3/18/2018 5:37
4,PM20,3/21/2018,18:07:15,deer,2,0,0,3/21/2018 18:07
4,PM20,3/21/2018,19:52:31,deer,1,0,0,3/21/2018 19:52
4,PM20,3/21/2018,22:42:46,deer,1,0,0,3/21/2018 22:42
4,PM20,3/22/2018,20:50:17,deer,1,0,0,3/22/2018 20:50
4,PM20,3/23/2018,0:11:11,deer,1,0,0,3/23/2018 0:11
4,PM20,3/24/2018,5:46:36,deer,1,0,0,3/24/2018 5:46
4,PM20,3/24/2018,5:47:51,deer,1,0,0,3/24/2018 5:47
4,PM20,3/27/2018,22:59:08,deer,2,0,0,3/27/2018 22:59
4,PM20,3/27/2018,23:00:18,deer,1,0,0,3/27/2018 23:00
4,PM20,3/28/2018,2:21:29,deer,1,0,0,3/28/2018 2:21
4,PM20,3/28/2018,2:22:42,deer,2,0,0,3/28/2018 2:22
4,PM20,3/31/2018,6:35:33,deer,1,0,0,3/31/2018 6:35
2,PM6,1/1/2018,6:39:59,deer,1,0,0,1/1/2018 6:39
2,PM6,1/1/2018,8:17:11,deer,1,0,1,1/1/2018 8:17
2,PM6,1/1/2018,17:39:47,deer,1,0,0,1/1/2018 17:39
2,PM6,1/2/2018,7:36:34,deer,3,0,0,1/2/2018 7:36
2,PM6,1/2/2018,7:38:43,deer,2,0,0,1/2/2018 7:38
2,PM6,1/2/2018,7:41:01,deer,1,0,0,1/2/2018 7:41
2,PM6,1/3/2018,0:56:53,deer,1,0,0,1/3/2018 0:56
2,PM6,1/3/2018,7:56:39,deer,1,0,0,1/3/2018 7:56
2,PM6,1/5/2018,8:21:59,deer,1,0,0,1/5/2018 8:21
2,PM6,1/5/2018,16:23:07,deer,1,0,0,1/5/2018 16:23
2,PM6,1/5/2018,16:41:03,deer,1,0,0,1/5/2018 16:41
2,PM6,1/6/2018,16:47:37,deer,1,0,0,1/6/2018 16:47
2,PM6,1/7/2018,2:31:22,deer,1,0,0,1/7/2018 2:31
2,PM6,1/7/2018,4:14:37,deer,1,0,0,1/7/2018 4:14
2,PM6,1/7/2018,7:16:53,deer,1,0,0,1/7/2018 7:16
2,PM6,1/7/2018,7:30:30,deer,1,0,0,1/7/2018 7:30
2,PM6,1/7/2018,7:32:44,deer,1,0,0,1/7/2018 7:32
2,PM6,1/14/2018,0:53:26,deer,1,0,0,1/14/2018 0:53
2,PM6,1/16/2018,16:34:57,deer,1,0,0,1/16/2018 16:34
2,PM6,1/16/2018,17:25:28,deer,1,0,0,1/16/2018 17:25
2,PM6,1/18/2018,7:50:05,deer,3,0,0,1/18/2018 7:50
2,PM6,1/19/2018,22:52:43,deer,1,0,0,1/19/2018 22:52
2,PM6,1/21/2018,8:25:57,deer,1,0,0,1/21/2018 8:25
2,PM6,1/30/2018,17:01:35,deer,1,0,0,1/30/2018 17:01
2,PM6,1/30/2018,17:12:25,deer,1,0,0,1/30/2018 17:12
2,PM6,1/30/2018,17:45:59,deer,1,0,0,1/30/2018 17:45
2,PM6,1/30/2018,22:14:29,deer,1,0,0,1/30/2018 22:14
2,PM6,1/30/2018,23:33:06,deer,1,0,0,1/30/2018 23:33
2,PM6,1/30/2018,23:39:33,deer,1,0,0,1/30/2018 23:39
2,PM6,1/31/2018,12:14:37,deer,1,0,0,1/31/2018 12:14
2,PM6,1/31/2018,18:14:38,deer,1,0,0,1/31/2018 18:14
2,PM6,2/2/2018,17:15:08,deer,3,0,0,2/2/2018 17:15
2,PM6,2/2/2018,18:15:57,deer,2,0,0,2/2/2018 18:15
2,PM6,2/2/2018,18:18:08,deer,2,0,0,2/2/2018 18:18
2,PM6,2/2/2018,18:20:08,deer,2,0,0,2/2/2018 18:20
2,PM6,2/2/2018,18:30:07,deer,1,0,0,2/2/2018 18:30
2,PM6,2/2/2018,18:53:14,deer,1,0,0,2/2/2018 18:53
2,PM6,2/3/2018,1:46:44,deer,1,0,0,2/3/2018 1:46
2,PM6,2/3/2018,1:48:53,deer,1,0,0,2/3/2018 1:48
2,PM6,2/3/2018,1:50:57,deer,1,0,0,2/3/2018 1:50
2,PM6,2/3/2018,1:56:15,deer,1,0,0,2/3/2018 1:56
2,PM6,2/3/2018,1:58:49,deer,2,0,0,2/3/2018 1:58
2,PM6,2/3/2018,2:03:05,deer,2,0,0,2/3/2018 2:03
2,PM6,2/3/2018,2:09:38,deer,2,0,0,2/3/2018 2:09
2,PM6,2/3/2018,2:14:33,deer,1,0,0,2/3/2018 2:14
2,PM6,2/3/2018,2:21:26,deer,1,0,0,2/3/2018 2:21
2,PM6,2/5/2018,17:49:25,deer,2,2,0,2/5/2018 17:49
2,PM6,2/7/2018,17:21:53,deer,1,0,0,2/7/2018 17:21
2,PM6,2/7/2018,17:27:04,deer,1,1,0,2/7/2018 17:27
2,PM6,2/8/2018,7:42:12,deer,1,0,0,2/8/2018 7:42
2,PM6,2/8/2018,17:19:14,deer,1,0,0,2/8/2018 17:19
2,PM6,2/12/2018,18:14:51,deer,1,0,0,2/12/2018 18:14
2,PM6,2/12/2018,18:21:56,deer,1,0,0,2/12/2018 18:21
2,PM6,2/12/2018,21:58:48,deer,1,0,0,2/12/2018 21:58
2,PM6,2/13/2018,17:23:16,deer,1,0,0,2/13/2018 17:23
2,PM6,2/13/2018,17:26:59,deer,1,0,0,2/13/2018 17:26
2,PM6,2/14/2018,7:01:01,deer,1,0,0,2/14/2018 7:01
2,PM6,2/14/2018,16:57:05,deer,1,0,0,2/14/2018 16:57
2,PM6,2/16/2018,18:06:40,deer,1,0,0,2/16/2018 18:06
2,PM6,2/17/2018,1:03:14,deer,1,0,0,2/17/2018 1:03
2,PM6,2/19/2018,18:34:12,deer,1,0,0,2/19/2018 18:34
2,PM6,2/26/2018,1:32:19,deer,1,0,0,2/26/2018 1:32
2,PM6,2/26/2018,17:52:09,deer,3,0,0,2/26/2018 17:52
2,PM6,2/28/2018,2:02:42,deer,1,0,0,2/28/2018 2:02
2,PM6,2/28/2018,18:51:01,deer,2,0,0,2/28/2018 18:51
2,PM6,2/28/2018,18:53:07,deer,2,0,0,2/28/2018 18:53
2,PM6,3/1/2018,16:43:22,deer,2,0,0,3/1/2018 16:43
2,PM6,3/2/2018,9:15:54,deer,1,0,0,3/2/2018 9:15
2,PM6,3/2/2018,9:18:51,deer,1,0,0,3/2/2018 9:18
2,PM6,3/2/2018,17:59:31,deer,1,0,0,3/2/2018 17:59
2,PM6,3/2/2018,18:17:49,deer,1,0,0,3/2/2018 18:17
2,PM6,3/2/2018,18:21:04,deer,1,0,0,3/2/2018 18:21
2,PM6,3/3/2018,18:24:30,deer,1,0,0,3/3/2018 18:24
2,PM6,3/7/2018,18:38:59,deer,1,0,0,3/7/2018 18:38
2,PM6,3/8/2018,0:16:24,deer,1,0,0,3/8/2018 0:16
2,PM6,3/10/2018,7:20:59,deer,1,0,0,3/10/2018 7:20
2,PM6,3/12/2018,11:16:44,deer,1,0,0,3/12/2018 11:16
2,PM6,3/12/2018,13:01:11,deer,1,0,0,3/12/2018 13:01
2,PM6,3/13/2018,8:07:17,deer,1,0,0,3/13/2018 8:07
2,PM6,3/14/2018,11:12:18,deer,2,0,0,3/14/2018 11:12
2,PM6,3/15/2018,2:27:08,deer,1,0,0,3/15/2018 2:27
2,PM6,3/20/2018,16:35:22,deer,1,0,0,3/20/2018 16:35
2,PM6,3/20/2018,18:54:59,deer,1,0,0,3/20/2018 18:54
2,PM6,3/20/2018,21:54:51,deer,1,0,0,3/20/2018 21:54
2,PM6,3/21/2018,16:16:47,deer,1,0,0,3/21/2018 16:16
2,PM6,3/21/2018,19:14:51,deer,1,0,0,3/21/2018 19:14
2,PM6,3/22/2018,19:19:12,deer,1,0,0,3/22/2018 19:19
2,PM6,3/23/2018,15:34:01,deer,1,0,0,3/23/2018 15:34
2,PM6,3/23/2018,19:10:57,deer,1,0,0,3/23/2018 19:10
2,PM6,3/24/2018,22:31:04,deer,1,0,0,3/24/2018 22:31
2,PM6,3/25/2018,3:52:45,deer,1,0,0,3/25/2018 3:52
2,PM6,3/27/2018,1:32:44,deer,1,0,0,3/27/2018 1:32
2,PM6,3/27/2018,19:55:40,deer,1,0,0,3/27/2018 19:55
2,PM6,3/29/2018,20:29:53,deer,2,0,0,3/29/2018 20:29
2,PM7,1/2/2018,16:02:14,deer,2,0,0,1/2/2018 16:02
2,PM7,1/3/2018,15:04:37,deer,1,0,0,1/3/2018 15:04
2,PM7,1/3/2018,15:06:55,deer,1,0,0,1/3/2018 15:06
2,PM7,1/6/2018,16:00:26,deer,1,0,0,1/6/2018 16:00
2,PM7,1/6/2018,16:33:57,deer,1,0,0,1/6/2018 16:33
2,PM7,1/7/2018,1:21:36,deer,1,0,0,1/7/2018 1:21
2,PM7,1/7/2018,16:51:33,deer,1,0,0,1/7/2018 16:51
2,PM7,1/8/2018,16:35:59,deer,1,0,0,1/8/2018 16:35
2,PM7,1/8/2018,16:38:50,deer,1,0,0,1/8/2018 16:38
2,PM7,1/8/2018,16:41:00,deer,1,0,0,1/8/2018 16:41
2,PM7,1/8/2018,16:43:00,deer,2,0,0,1/8/2018 16:43
2,PM7,1/8/2018,16:45:02,deer,1,0,0,1/8/2018 16:45
2,PM7,1/8/2018,16:48:53,deer,1,0,0,1/8/2018 16:48
2,PM7,1/8/2018,17:26:06,deer,2,0,0,1/8/2018 17:26
2,PM7,1/8/2018,17:31:26,deer,3,0,0,1/8/2018 17:31
2,PM7,1/12/2018,8:30:11,deer,4,0,0,1/12/2018 8:30
2,PM7,1/14/2018,17:14:08,deer,1,0,0,1/14/2018 17:14
2,PM7,1/14/2018,17:16:08,deer,1,1,0,1/14/2018 17:16
2,PM7,1/14/2018,17:18:08,deer,2,2,0,1/14/2018 17:18
2,PM7,1/14/2018,17:32:22,deer,1,1,0,1/14/2018 17:32
2,PM7,1/14/2018,17:47:58,deer,1,1,0,1/14/2018 17:47
2,PM7,1/19/2018,7:41:17,deer,1,0,0,1/19/2018 7:41
2,PM7,1/20/2018,8:02:18,deer,1,0,0,1/20/2018 8:02
2,PM7,1/20/2018,9:03:24,deer,1,0,0,1/20/2018 9:03
2,PM7,1/23/2018,17:24:45,deer,5,0,0,1/23/2018 17:24
2,PM7,1/24/2018,18:00:03,deer,2,0,0,1/24/2018 18:00
2,PM7,1/24/2018,18:02:04,deer,5,0,0,1/24/2018 18:02
2,PM7,1/29/2018,17:53:50,deer,1,0,0,1/29/2018 17:53
2,PM7,1/29/2018,23:47:21,deer,1,0,0,1/29/2018 23:47
2,PM7,1/30/2018,7:26:22,deer,1,0,0,1/30/2018 7:26
2,PM7,1/30/2018,17:16:10,deer,1,0,0,1/30/2018 17:16
2,PM7,2/2/2018,7:50:41,deer,1,0,0,2/2/2018 7:50
2,PM7,2/2/2018,21:48:40,deer,4,0,0,2/2/2018 21:48
2,PM7,2/2/2018,21:50:40,deer,3,0,0,2/2/2018 21:50
2,PM7,2/2/2018,22:24:48,deer,4,0,0,2/2/2018 22:24
2,PM7,2/3/2018,7:47:03,deer,1,0,0,2/3/2018 7:47
2,PM7,2/3/2018,17:14:38,deer,1,0,0,2/3/2018 17:14
2,PM7,2/3/2018,17:16:38,deer,3,0,0,2/3/2018 17:16
2,PM7,2/6/2018,18:17:08,deer,2,0,0,2/6/2018 18:17
2,PM7,2/8/2018,18:20:45,deer,2,0,0,2/8/2018 18:20
2,PM7,2/11/2018,19:18:49,deer,2,0,0,2/11/2018 19:18
2,PM7,2/13/2018,16:34:04,deer,2,0,0,2/13/2018 16:34
2,PM7,2/13/2018,16:39:03,deer,1,0,0,2/13/2018 16:39
2,PM7,2/19/2018,10:12:07,deer,1,0,0,2/19/2018 10:12
2,PM7,2/20/2018,16:47:24,deer,2,0,0,2/20/2018 16:47
2,PM7,2/20/2018,16:53:02,deer,2,0,0,2/20/2018 16:53
2,PM7,2/20/2018,17:16:45,deer,1,0,0,2/20/2018 17:16
2,PM7,2/27/2018,4:12:05,deer,1,0,0,2/27/2018 4:12
2,PM7,2/27/2018,4:14:42,deer,1,0,0,2/27/2018 4:14
2,PM7,2/28/2018,17:05:58,deer,1,0,0,2/28/2018 17:05
2,PM7,2/28/2018,17:08:03,deer,1,0,1,2/28/2018 17:08
2,PM7,3/4/2018,18:09:58,deer,1,0,0,3/4/2018 18:09
2,PM7,3/5/2018,16:32:55,deer,4,0,0,3/5/2018 16:32
2,PM7,3/7/2018,22:42:23,deer,1,0,0,3/7/2018 22:42
2,PM7,3/8/2018,18:56:40,deer,1,0,0,3/8/2018 18:56
2,PM7,3/13/2018,8:05:19,deer,1,0,0,3/13/2018 8:05
2,PM7,3/13/2018,8:08:41,deer,3,0,0,3/13/2018 8:08
2,PM7,3/13/2018,8:12:31,deer,2,0,0,3/13/2018 8:12
2,PM7,3/20/2018,16:50:41,deer,1,0,0,3/20/2018 16:50
2,PM7,3/20/2018,19:17:04,deer,1,0,0,3/20/2018 19:17
2,PM7,3/21/2018,12:42:53,deer,1,0,0,3/21/2018 12:42
2,PM7,3/21/2018,16:36:39,deer,4,0,0,3/21/2018 16:36
2,PM7,3/21/2018,16:42:54,deer,1,0,0,3/21/2018 16:42
2,PM7,3/21/2018,16:44:55,deer,1,0,0,3/21/2018 16:44
2,PM7,3/21/2018,16:46:55,deer,2,0,0,3/21/2018 16:46
2,PM7,3/21/2018,16:49:44,deer,2,0,0,3/21/2018 16:49
2,PM7,3/22/2018,7:45:18,deer,1,0,0,3/22/2018 7:45
2,PM7,3/24/2018,13:20:13,deer,1,0,0,3/24/2018 13:20
2,PM7,3/24/2018,14:44:19,deer,1,0,0,3/24/2018 14:44
2,PM7,3/24/2018,14:47:01,deer,1,0,0,3/24/2018 14:47
2,PM7,3/25/2018,7:50:55,deer,1,0,0,3/25/2018 7:50
2,PM7,3/25/2018,7:53:05,deer,1,0,0,3/25/2018 7:53
2,PM7,3/30/2018,6:58:22,deer,1,0,0,3/30/2018 6:58
2,PM7,3/30/2018,7:02:44,deer,2,0,0,3/30/2018 7:02
2,PM7,3/31/2018,17:56:55,deer,1,0,0,3/31/2018 17:56
2,PM8,1/3/2018,6:23:02,deer,2,0,0,1/3/2018 6:23
2,PM8,1/19/2018,16:12:55,deer,2,1,0,1/19/2018 16:12
2,PM10,1/25/2018,16:22:29,deer,1,0,0,1/25/2018 16:22
2,PM10,1/31/2018,0:31:47,deer,1,0,0,1/31/2018 0:31
2,PM10,1/31/2018,13:16:51,deer,2,0,0,1/31/2018 13:16
2,PM10,2/1/2018,15:11:51,deer,1,0,0,2/1/2018 15:11
2,PM10,2/2/2018,8:32:41,deer,1,0,0,2/2/2018 8:32
2,PM10,2/2/2018,16:35:03,deer,1,0,0,2/2/2018 16:35
2,PM10,2/5/2018,9:01:49,deer,1,0,0,2/5/2018 9:01
2,PM10,2/5/2018,9:08:25,deer,1,0,0,2/5/2018 9:08
2,PM10,2/8/2018,14:42:36,deer,1,0,0,2/8/2018 14:42
2,PM10,2/8/2018,14:45:46,deer,1,0,0,2/8/2018 14:45
2,PM10,2/8/2018,17:29:52,deer,1,0,0,2/8/2018 17:29
2,PM10,2/9/2018,9:36:01,deer,1,0,0,2/9/2018 9:36
2,PM10,2/9/2018,9:42:31,deer,2,0,0,2/9/2018 9:42
2,PM10,2/9/2018,11:02:21,deer,1,0,0,2/9/2018 11:02
2,PM10,2/9/2018,11:04:21,deer,1,0,0,2/9/2018 11:04
2,PM10,2/9/2018,17:17:02,deer,1,0,0,2/9/2018 17:17
2,PM10,2/12/2018,10:27:32,deer,1,0,0,2/12/2018 10:27
2,PM10,2/12/2018,10:30:18,deer,3,0,0,2/12/2018 10:30
2,PM10,2/12/2018,10:32:42,deer,1,0,0,2/12/2018 10:32
2,PM10,2/13/2018,15:46:24,deer,1,0,0,2/13/2018 15:46
2,PM10,2/14/2018,17:06:39,deer,1,0,0,2/14/2018 17:06
2,PM10,2/25/2018,6:45:24,deer,1,0,0,2/25/2018 6:45
2,PM10,2/25/2018,6:47:33,deer,1,0,0,2/25/2018 6:47
2,PM10,3/2/2018,19:23:45,deer,1,0,0,3/2/2018 19:23
2,PM10,3/7/2018,17:15:29,deer,1,0,0,3/7/2018 17:15
2,PM10,3/8/2018,9:42:59,deer,1,0,0,3/8/2018 9:42
2,PM10,3/9/2018,10:12:05,deer,1,0,0,3/9/2018 10:12
2,PM10,3/9/2018,10:32:39,deer,1,0,0,3/9/2018 10:32
2,PM10,3/10/2018,8:31:56,deer,1,0,0,3/10/2018 8:31
2,PM10,3/13/2018,2:28:43,deer,1,0,0,3/13/2018 2:28
2,PM10,3/23/2018,9:43:16,deer,1,0,0,3/23/2018 9:43
2,PM10,3/26/2018,11:15:48,deer,1,0,0,3/26/2018 11:15
2,PM10,3/26/2018,11:24:58,deer,1,0,0,3/26/2018 11:24
2,PM10,3/26/2018,11:27:17,deer,1,0,0,3/26/2018 11:27
2,PM10,3/26/2018,11:37:36,deer,2,0,0,3/26/2018 11:37
2,PM10,3/31/2018,9:45:48,deer,1,0,0,3/31/2018 9:45
2,PM10,3/31/2018,9:47:51,deer,4,0,1,3/31/2018 9:47
2,PM10,3/31/2018,9:56:42,deer,4,0,0,3/31/2018 9:56
2,PM10,3/31/2018,9:58:52,deer,5,0,0,3/31/2018 9:58
2,PM10,3/31/2018,10:02:08,deer,2,0,0,3/31/2018 10:02
2,PM11,1/8/2018,2:26:33,deer,1,0,0,1/8/2018 2:26
2,PM11,1/8/2018,9:27:28,deer,1,0,0,1/8/2018 9:27
2,PM11,1/20/2018,10:11:23,deer,1,0,0,1/20/2018 10:11
2,PM11,1/22/2018,12:34:44,deer,1,0,0,1/22/2018 12:34
2,PM11,2/6/2018,13:12:37,deer,1,0,0,2/6/2018 13:12
2,PM11,2/9/2018,13:17:46,deer,1,0,0,2/9/2018 13:17
2,PM11,2/12/2018,17:52:58,deer,4,0,0,2/12/2018 17:52
2,PM11,2/18/2018,11:57:24,deer,1,0,0,2/18/2018 11:57
2,PM11,2/18/2018,16:10:56,deer,3,0,0,2/18/2018 16:10
2,PM11,3/17/2018,10:50:06,deer,1,0,0,3/17/2018 10:50
2,PM11,3/30/2018,11:58:15,deer,1,0,0,3/30/2018 11:58
2,PM13,1/3/2018,7:51:11,deer,1,0,0,1/3/2018 7:51
2,PM13,1/4/2018,6:36:51,deer,1,0,0,1/4/2018 6:36
2,PM13,1/4/2018,16:22:37,deer,3,0,0,1/4/2018 16:22
2,PM13,1/5/2018,0:06:29,deer,1,0,0,1/5/2018 0:06
2,PM13,1/6/2018,4:38:51,deer,1,0,0,1/6/2018 4:38
2,PM13,2/8/2018,8:49:55,deer,1,0,0,2/8/2018 8:49
2,PM13,2/23/2018,6:05:39,deer,1,0,0,2/23/2018 6:05
2,PM13,2/23/2018,6:08:09,deer,1,0,0,2/23/2018 6:08
2,PM13,2/23/2018,6:11:17,deer,2,0,0,2/23/2018 6:11
2,PM13,2/25/2018,6:40:46,deer,1,0,0,2/25/2018 6:40
2,PM13,2/26/2018,2:20:47,deer,2,0,0,2/26/2018 2:20
2,PM13,2/26/2018,6:12:30,deer,1,0,0,2/26/2018 6:12
2,PM13,2/26/2018,6:16:26,deer,2,0,0,2/26/2018 6:16
2,PM13,2/26/2018,6:27:20,deer,1,0,0,2/26/2018 6:27
2,PM13,2/26/2018,6:30:51,deer,1,0,0,2/26/2018 6:30
2,PM13,2/26/2018,6:41:55,deer,1,0,0,2/26/2018 6:41
2,PM13,2/26/2018,6:50:28,deer,1,0,0,2/26/2018 6:50
2,PM13,2/26/2018,6:59:41,deer,1,0,0,2/26/2018 6:59
2,PM13,2/26/2018,7:09:37,deer,1,0,0,2/26/2018 7:09
2,PM13,2/27/2018,5:57:14,deer,1,0,0,2/27/2018 5:57
2,PM13,2/27/2018,6:09:42,deer,2,0,0,2/27/2018 6:09
2,PM13,2/27/2018,7:09:33,deer,1,0,0,2/27/2018 7:09
2,PM13,2/27/2018,7:11:51,deer,1,0,0,2/27/2018 7:11
2,PM13,2/28/2018,7:11:59,deer,1,0,0,2/28/2018 7:11
2,PM13,2/28/2018,7:16:08,deer,1,0,0,2/28/2018 7:16
2,PM13,3/2/2018,3:35:23,deer,1,0,0,3/2/2018 3:35
2,PM13,3/2/2018,6:09:44,deer,1,0,0,3/2/2018 6:09
2,PM13,3/2/2018,7:29:41,deer,2,0,0,3/2/2018 7:29
2,PM13,3/3/2018,1:32:06,deer,1,0,0,3/3/2018 1:32
2,PM13,3/3/2018,1:54:24,deer,1,0,1,3/3/2018 1:54
2,PM13,3/3/2018,3:27:00,deer,1,0,0,3/3/2018 3:27
2,PM13,3/3/2018,5:16:12,deer,1,0,0,3/3/2018 5:16
2,PM13,3/3/2018,6:21:45,deer,1,0,0,3/3/2018 6:21
2,PM13,3/3/2018,6:24:12,deer,1,0,0,3/3/2018 6:24
2,PM13,3/3/2018,18:52:08,deer,1,0,0,3/3/2018 18:52
2,PM13,3/4/2018,3:25:39,deer,1,0,0,3/4/2018 3:25
2,PM13,3/4/2018,6:14:24,deer,2,0,0,3/4/2018 6:14
2,PM13,3/8/2018,1:04:57,deer,1,0,0,3/8/2018 1:04
2,PM13,3/8/2018,4:15:54,deer,1,0,0,3/8/2018 4:15
2,PM13,3/8/2018,4:20:42,deer,1,0,0,3/8/2018 4:20
2,PM13,3/9/2018,20:33:16,deer,1,0,0,3/9/2018 20:33
2,PM13,3/10/2018,7:02:46,deer,1,0,0,3/10/2018 7:02
2,PM13,3/11/2018,6:38:25,deer,1,0,0,3/11/2018 6:38
2,PM13,3/11/2018,6:46:41,deer,1,0,0,3/11/2018 6:46
2,PM13,3/11/2018,21:24:42,deer,1,0,0,3/11/2018 21:24
2,PM13,3/13/2018,7:34:03,deer,2,0,0,3/13/2018 7:34
2,PM13,3/23/2018,6:51:38,deer,2,0,0,3/23/2018 6:51
2,PM13,3/25/2018,2:02:57,deer,1,0,0,3/25/2018 2:02
2,PM13,3/25/2018,9:46:28,deer,3,0,0,3/25/2018 9:46
2,PM13,3/31/2018,7:17:47,deer,1,0,0,3/31/2018 7:17
2,PM14,1/1/2018,17:30:41,deer,1,0,0,1/1/2018 17:30
2,PM14,1/3/2018,2:22:59,deer,1,0,0,1/3/2018 2:22
2,PM14,1/3/2018,2:24:08,deer,1,0,0,1/3/2018 2:24
2,PM14,1/3/2018,8:32:06,deer,2,0,0,1/3/2018 8:32
2,PM14,1/4/2018,7:01:04,deer,1,0,0,1/4/2018 7:01
2,PM14,1/4/2018,7:03:24,deer,1,0,0,1/4/2018 7:03
2,PM14,1/5/2018,8:48:28,deer,2,0,0,1/5/2018 8:48
2,PM14,1/7/2018,8:50:52,deer,3,0,0,1/7/2018 8:50
2,PM14,1/8/2018,7:23:18,deer,2,0,0,1/8/2018 7:23
2,PM14,1/8/2018,20:07:08,deer,1,0,0,1/8/2018 20:07
2,PM14,1/13/2018,9:38:41,deer,1,0,0,1/13/2018 9:38
2,PM14,1/14/2018,8:27:32,deer,1,0,0,1/14/2018 8:27
2,PM14,1/14/2018,17:15:32,deer,1,0,0,1/14/2018 17:15
2,PM14,1/14/2018,17:31:20,deer,4,0,0,1/14/2018 17:31
2,PM14,1/19/2018,7:23:01,deer,2,0,0,1/19/2018 7:23
2,PM14,1/20/2018,16:56:52,deer,4,0,0,1/20/2018 16:56
2,PM14,1/22/2018,15:17:43,deer,1,0,0,1/22/2018 15:17
2,PM14,1/22/2018,17:09:07,deer,1,0,0,1/22/2018 17:09
2,PM14,1/23/2018,11:12:31,deer,2,0,0,1/23/2018 11:12
2,PM14,1/24/2018,7:01:59,deer,1,0,0,1/24/2018 7:01
2,PM14,1/26/2018,19:23:37,deer,1,0,0,1/26/2018 19:23
2,PM14,1/30/2018,14:56:45,deer,4,0,0,1/30/2018 14:56
2,PM14,1/31/2018,7:09:59,deer,1,0,0,1/31/2018 7:09
2,PM14,1/31/2018,7:13:38,deer,2,0,0,1/31/2018 7:13
2,PM14,1/31/2018,10:14:34,deer,2,0,0,1/31/2018 10:14
2,PM12,1/3/2018,3:45:50,deer,1,0,0,1/3/2018 3:45
2,PM12,1/6/2018,3:00:54,deer,2,0,0,1/6/2018 3:00
2,PM12,1/16/2018,21:52:32,deer,1,0,0,1/16/2018 21:52
2,PM12,1/19/2018,2:55:31,deer,1,0,0,1/19/2018 2:55
4,PM19,2/6/2018,2:51:56,deer,1,0,0,2/6/2018 2:51
4,PM19,2/6/2018,4:43:29,deer,1,0,0,2/6/2018 4:43
4,PM19,2/6/2018,18:18:12,deer,1,0,0,2/6/2018 18:18
4,PM19,2/8/2018,4:50:31,deer,1,1,0,2/8/2018 4:50
4,PM19,2/8/2018,5:01:12,deer,1,1,0,2/8/2018 5:01
4,PM19,2/8/2018,5:04:15,deer,2,1,0,2/8/2018 5:04
4,PM19,2/8/2018,5:10:20,deer,1,0,0,2/8/2018 5:10
4,PM19,2/8/2018,5:12:13,deer,1,0,0,2/8/2018 5:12
4,PM19,2/8/2018,6:44:46,deer,0,0,0,2/8/2018 6:44
4,PM19,2/8/2018,6:45:46,deer,1,1,0,2/8/2018 6:45
4,PM19,2/9/2018,18:08:27,deer,1,0,0,2/9/2018 18:08
4,PM19,2/9/2018,18:09:28,deer,2,0,0,2/9/2018 18:09
4,PM19,2/9/2018,19:26:32,deer,1,0,0,2/9/2018 19:26
4,PM19,2/9/2018,19:28:26,deer,1,0,0,2/9/2018 19:28
4,PM19,2/9/2018,22:29:40,deer,1,1,0,2/9/2018 22:29
4,PM19,2/9/2018,22:50:40,deer,1,1,0,2/9/2018 22:50
4,PM19,2/10/2018,2:05:40,deer,1,1,0,2/10/2018 2:05
4,PM19,2/10/2018,2:09:11,deer,1,1,0,2/10/2018 2:09
4,PM19,2/10/2018,5:54:43,deer,1,0,0,2/10/2018 5:54
4,PM19,2/12/2018,18:25:35,deer,2,0,0,2/12/2018 18:25
4,PM19,2/12/2018,23:07:13,deer,1,1,0,2/12/2018 23:07
4,PM19,2/12/2018,23:19:39,deer,1,1,0,2/12/2018 23:19
4,PM19,2/12/2018,23:20:58,deer,1,0,0,2/12/2018 23:20
4,PM19,2/12/2018,23:26:58,deer,1,0,0,2/12/2018 23:26
4,PM19,2/12/2018,23:38:05,deer,1,0,0,2/12/2018 23:38
4,PM19,2/13/2018,18:03:35,deer,1,0,0,2/13/2018 18:03
4,PM19,2/13/2018,18:25:12,deer,3,0,0,2/13/2018 18:25
4,PM19,2/13/2018,18:26:30,deer,3,0,0,2/13/2018 18:26
4,PM19,2/13/2018,18:30:37,deer,2,0,0,2/13/2018 18:30
4,PM19,2/13/2018,18:33:55,deer,3,0,0,2/13/2018 18:33
4,PM19,2/13/2018,19:28:19,deer,1,0,0,2/13/2018 19:28
4,PM19,2/13/2018,19:30:09,deer,1,0,0,2/13/2018 19:30
4,PM19,2/13/2018,19:32:08,deer,1,0,0,2/13/2018 19:32
4,PM19,2/13/2018,19:33:32,deer,1,0,0,2/13/2018 19:33
4,PM19,2/13/2018,19:59:49,deer,1,0,0,2/13/2018 19:59
4,PM19,2/13/2018,21:21:11,deer,1,0,0,2/13/2018 21:21
4,PM19,2/13/2018,21:25:27,deer,1,0,0,2/13/2018 21:25
4,PM19,2/13/2018,21:48:44,deer,1,0,0,2/13/2018 21:48
4,PM19,2/13/2018,22:48:58,deer,1,0,0,2/13/2018 22:48
4,PM19,2/13/2018,22:52:01,deer,0,0,0,2/13/2018 22:52
4,PM19,2/16/2018,5:35:29,deer,3,1,0,2/16/2018 5:35
4,PM19,2/16/2018,5:38:22,deer,2,0,0,2/16/2018 5:38
4,PM19,2/16/2018,7:14:46,deer,3,0,0,2/16/2018 7:14
4,PM19,2/16/2018,21:11:43,deer,1,0,0,2/16/2018 21:11
4,PM19,2/16/2018,21:15:46,deer,1,0,0,2/16/2018 21:15
4,PM19,2/17/2018,18:36:26,deer,1,0,0,2/17/2018 18:36
4,PM19,2/17/2018,18:37:28,deer,1,0,0,2/17/2018 18:37
4,PM19,2/17/2018,18:38:29,deer,1,0,0,2/17/2018 18:38
4,PM19,2/17/2018,18:40:06,deer,1,0,0,2/17/2018 18:40
4,PM19,3/6/2018,6:22:10,deer,3,0,0,3/6/2018 6:22
4,PM19,3/6/2018,6:23:34,deer,1,0,0,3/6/2018 6:23
4,PM19,3/6/2018,6:24:38,deer,1,0,0,3/6/2018 6:24
4,PM19,3/7/2018,3:29:45,deer,1,1,0,3/7/2018 3:29
4,PM19,3/8/2018,23:56:48,deer,1,1,0,3/8/2018 23:56
4,PM19,3/8/2018,23:57:48,deer,1,0,0,3/8/2018 23:57
4,PM19,3/8/2018,23:59:02,deer,1,0,0,3/8/2018 23:59
4,PM19,3/9/2018,0:02:08,deer,1,1,0,3/9/2018 0:02
4,PM19,3/9/2018,0:03:08,deer,1,0,0,3/9/2018 0:03
4,PM19,3/9/2018,0:04:49,deer,1,0,0,3/9/2018 0:04
4,PM19,3/9/2018,0:08:43,deer,1,0,0,3/9/2018 0:08
4,PM19,3/9/2018,0:12:37,deer,1,1,0,3/9/2018 0:12
4,PM19,3/9/2018,0:13:40,deer,1,1,0,3/9/2018 0:13
4,PM19,3/9/2018,0:14:40,deer,0,0,0,3/9/2018 0:14
4,PM19,3/9/2018,0:15:56,deer,1,1,0,3/9/2018 0:15
4,PM19,3/9/2018,0:29:13,deer,1,0,0,3/9/2018 0:29
4,PM19,3/15/2018,5:33:20,deer,1,0,0,3/15/2018 5:33
4,PM19,3/15/2018,22:03:18,deer,0,0,0,3/15/2018 22:03
4,PM19,3/18/2018,6:47:33,deer,1,0,0,3/18/2018 6:47
4,PM19,3/23/2018,22:01:22,deer,1,0,0,3/23/2018 22:01
4,PM19,3/25/2018,4:19:48,deer,1,0,0,3/25/2018 4:19
4,PM19,3/25/2018,4:21:04,deer,1,0,0,3/25/2018 4:21
4,PM19,3/25/2018,4:22:29,deer,1,0,0,3/25/2018 4:22
4,PM19,3/25/2018,4:23:41,deer,1,0,0,3/25/2018 4:23
4,PM19,3/25/2018,4:24:41,deer,1,0,0,3/25/2018 4:24
4,PM19,3/25/2018,4:25:58,deer,1,0,0,3/25/2018 4:25
4,PM19,3/25/2018,4:27:43,deer,1,0,0,3/25/2018 4:27
4,PM19,3/25/2018,4:28:54,deer,1,0,0,3/25/2018 4:28
