PERIOD,DATE,SITE,NDVI
1,1/1/2016,PM19,4555
1,1/1/2016,PM9,6013
1,1/1/2016,PM10,4667
1,1/1/2016,PM5,5711
1,1/1/2016,PM1,5920
1,1/1/2016,PM3,5927
1,1/1/2016,PM12,4255
1,1/1/2016,PM7,4908
1,1/1/2016,PM2,4979
1,1/1/2016,PM8,5631
1,1/1/2016,PM13,4752
1,1/1/2016,PM17,4915
1,1/1/2016,PM14,4416
1,1/1/2016,PM21,4543
1,1/1/2016,PM15,4388
1,1/1/2016,PM18,4522
1,1/1/2016,PM20,4276
1,1/1/2016,PM22,4858
1,1/1/2016,PM4,5430
1,1/1/2016,PM6,5197
1,1/1/2016,PM16,4287
1,1/1/2016,PM11,4573
2,1/17/2016,PM14,4788
2,1/17/2016,PM12,3956
2,1/17/2016,PM7,5249
2,1/17/2016,PM3,7086
2,1/17/2016,PM19,4102
2,1/17/2016,PM13,5016
2,1/17/2016,PM8,5788
2,1/17/2016,PM22,4435
2,1/17/2016,PM10,2400
2,1/17/2016,PM15,4350
2,1/17/2016,PM4,5708
2,1/17/2016,PM18,4088
2,1/17/2016,PM17,4598
2,1/17/2016,PM6,4625
2,1/17/2016,PM2,5649
2,1/17/2016,PM9,4339
2,1/17/2016,PM16,4604
2,1/17/2016,PM20,4346
2,1/17/2016,PM5,5054
2,1/17/2016,PM1,6627
2,1/17/2016,PM11,3053
2,1/17/2016,PM21,4214
3,2/2/2016,PM8,5198
3,2/2/2016,PM12,4325
3,2/2/2016,PM15,4427
3,2/2/2016,PM4,5355
3,2/2/2016,PM13,4492
3,2/2/2016,PM6,4415
3,2/2/2016,PM2,4857
3,2/2/2016,PM3,5154
3,2/2/2016,PM9,4696
3,2/2/2016,PM10,3868
3,2/2/2016,PM14,4544
3,2/2/2016,PM7,4816
3,2/2/2016,PM22,4790
3,2/2/2016,PM17,4296
3,2/2/2016,PM5,5169
3,2/2/2016,PM19,4378
3,2/2/2016,PM1,5264
3,2/2/2016,PM18,4417
3,2/2/2016,PM11,4200
3,2/2/2016,PM20,4349
3,2/2/2016,PM16,4342
3,2/2/2016,PM21,4359
4,2/18/2016,PM3,5159
4,2/18/2016,PM2,4594
4,2/18/2016,PM7,4393
4,2/18/2016,PM13,4351
4,2/18/2016,PM12,3886
4,2/18/2016,PM14,4369
4,2/18/2016,PM19,4148
4,2/18/2016,PM4,5110
4,2/18/2016,PM8,5103
4,2/18/2016,PM16,4094
4,2/18/2016,PM17,4600
4,2/18/2016,PM6,5164
4,2/18/2016,PM9,4330
4,2/18/2016,PM18,4318
4,2/18/2016,PM22,4650
4,2/18/2016,PM15,4039
4,2/18/2016,PM11,4249
4,2/18/2016,PM1,5185
4,2/18/2016,PM5,5080
4,2/18/2016,PM21,4259
4,2/18/2016,PM20,4258
4,2/18/2016,PM10,4470
5,3/5/2016,PM13,4293
5,3/5/2016,PM18,4200
5,3/5/2016,PM12,3926
5,3/5/2016,PM6,4963
5,3/5/2016,PM14,4266
5,3/5/2016,PM2,4654
5,3/5/2016,PM19,4137
5,3/5/2016,PM3,4958
5,3/5/2016,PM11,4162
5,3/5/2016,PM5,4688
5,3/5/2016,PM1,5168
5,3/5/2016,PM20,4330
5,3/5/2016,PM22,4740
5,3/5/2016,PM17,4353
5,3/5/2016,PM7,4412
5,3/5/2016,PM21,4319
5,3/5/2016,PM8,5106
5,3/5/2016,PM9,4343
5,3/5/2016,PM10,4371
5,3/5/2016,PM16,4119
5,3/5/2016,PM4,4992
5,3/5/2016,PM15,3973
6,3/21/2016,PM18,4746
6,3/21/2016,PM7,4829
6,3/21/2016,PM19,4693
6,3/21/2016,PM13,4593
6,3/21/2016,PM2,5294
6,3/21/2016,PM12,4651
6,3/21/2016,PM1,5389
6,3/21/2016,PM6,4760
6,3/21/2016,PM22,5681
6,3/21/2016,PM15,4545
6,3/21/2016,PM11,4634
6,3/21/2016,PM3,5612
6,3/21/2016,PM8,5490
6,3/21/2016,PM17,4898
6,3/21/2016,PM20,4865
6,3/21/2016,PM16,4588
6,3/21/2016,PM14,4590
6,3/21/2016,PM9,4605
6,3/21/2016,PM21,4970
6,3/21/2016,PM4,5056
6,3/21/2016,PM5,5027
6,3/21/2016,PM10,4398
7,4/6/2016,PM12,6206
7,4/6/2016,PM7,6291
7,4/6/2016,PM19,4590
7,4/6/2016,PM3,5606
7,4/6/2016,PM13,4371
7,4/6/2016,PM6,6101
7,4/6/2016,PM16,6361
7,4/6/2016,PM8,4937
7,4/6/2016,PM15,5421
7,4/6/2016,PM20,4823
7,4/6/2016,PM11,5662
7,4/6/2016,PM18,4728
7,4/6/2016,PM2,6232
7,4/6/2016,PM17,6724
7,4/6/2016,PM22,6637
7,4/6/2016,PM5,6387
7,4/6/2016,PM10,4738
7,4/6/2016,PM1,5592
7,4/6/2016,PM4,4935
7,4/6/2016,PM9,4206
7,4/6/2016,PM21,4853
7,4/6/2016,PM14,5127
8,4/22/2016,PM12,7662
8,4/22/2016,PM8,8112
8,4/22/2016,PM6,8537
8,4/22/2016,PM19,8377
8,4/22/2016,PM18,8524
8,4/22/2016,PM1,7905
8,4/22/2016,PM22,8604
8,4/22/2016,PM11,8362
8,4/22/2016,PM2,7417
8,4/22/2016,PM16,8641
8,4/22/2016,PM4,8529
8,4/22/2016,PM3,7898
8,4/22/2016,PM7,8618
8,4/22/2016,PM21,8836
8,4/22/2016,PM15,6564
8,4/22/2016,PM5,8516
8,4/22/2016,PM14,8151
8,4/22/2016,PM17,8772
8,4/22/2016,PM13,7572
8,4/22/2016,PM10,7028
8,4/22/2016,PM9,7934
8,4/22/2016,PM20,8415
9,5/8/2016,PM18,8624
9,5/8/2016,PM7,8762
9,5/8/2016,PM12,8367
9,5/8/2016,PM13,8260
9,5/8/2016,PM2,8078
9,5/8/2016,PM6,8961
9,5/8/2016,PM22,8478
9,5/8/2016,PM9,8597
9,5/8/2016,PM11,9038
9,5/8/2016,PM15,7646
9,5/8/2016,PM1,8208
9,5/8/2016,PM17,8979
9,5/8/2016,PM14,7598
9,5/8/2016,PM8,8768
9,5/8/2016,PM19,8893
9,5/8/2016,PM5,8949
9,5/8/2016,PM16,8951
9,5/8/2016,PM20,8981
9,5/8/2016,PM10,8620
9,5/8/2016,PM3,8530
9,5/8/2016,PM21,8974
9,5/8/2016,PM4,8824
10,5/24/2016,PM12,8173
10,5/24/2016,PM6,8853
10,5/24/2016,PM7,8755
10,5/24/2016,PM1,8026
10,5/24/2016,PM22,8541
10,5/24/2016,PM19,8972
10,5/24/2016,PM17,9019
10,5/24/2016,PM15,8715
10,5/24/2016,PM11,9005
10,5/24/2016,PM20,8788
10,5/24/2016,PM3,8303
10,5/24/2016,PM8,8487
10,5/24/2016,PM18,8829
10,5/24/2016,PM21,9009
10,5/24/2016,PM10,8523
10,5/24/2016,PM4,8853
10,5/24/2016,PM16,9010
10,5/24/2016,PM2,8839
10,5/24/2016,PM13,8117
10,5/24/2016,PM9,8815
10,5/24/2016,PM14,8417
10,5/24/2016,PM5,8903
11,6/9/2016,PM6,8816
11,6/9/2016,PM17,8769
11,6/9/2016,PM19,8988
11,6/9/2016,PM8,8718
11,6/9/2016,PM1,8308
11,6/9/2016,PM22,8860
11,6/9/2016,PM10,8837
11,6/9/2016,PM12,8345
11,6/9/2016,PM5,8848
11,6/9/2016,PM16,9039
11,6/9/2016,PM11,9081
11,6/9/2016,PM21,8891
11,6/9/2016,PM3,8601
11,6/9/2016,PM7,8844
11,6/9/2016,PM13,8655
11,6/9/2016,PM20,8795
11,6/9/2016,PM15,8593
11,6/9/2016,PM9,8301
11,6/9/2016,PM14,8301
11,6/9/2016,PM18,8762
11,6/9/2016,PM2,8352
11,6/9/2016,PM4,8818
12,6/25/2016,PM6,9038
12,6/25/2016,PM13,8352
12,6/25/2016,PM22,9012
12,6/25/2016,PM15,8781
12,6/25/2016,PM19,9130
12,6/25/2016,PM1,8868
12,6/25/2016,PM12,8540
12,6/25/2016,PM17,9069
12,6/25/2016,PM10,8814
12,6/25/2016,PM9,8964
12,6/25/2016,PM18,8918
12,6/25/2016,PM8,8813
12,6/25/2016,PM21,9127
12,6/25/2016,PM20,8972
12,6/25/2016,PM14,8344
12,6/25/2016,PM11,9145
12,6/25/2016,PM7,9005
12,6/25/2016,PM16,9148
12,6/25/2016,PM2,8235
12,6/25/2016,PM3,8837
12,6/25/2016,PM5,9073
12,6/25/2016,PM4,8991
13,7/11/2016,PM10,8461
13,7/11/2016,PM15,7929
13,7/11/2016,PM12,8212
13,7/11/2016,PM2,8214
13,7/11/2016,PM13,8367
13,7/11/2016,PM19,8901
13,7/11/2016,PM14,8496
13,7/11/2016,PM1,8199
13,7/11/2016,PM20,8690
13,7/11/2016,PM22,8878
13,7/11/2016,PM16,9009
13,7/11/2016,PM7,8863
13,7/11/2016,PM11,9060
13,7/11/2016,PM8,8651
13,7/11/2016,PM3,8662
13,7/11/2016,PM9,8816
13,7/11/2016,PM18,8884
13,7/11/2016,PM4,8938
13,7/11/2016,PM17,9081
13,7/11/2016,PM5,8961
13,7/11/2016,PM21,9059
13,7/11/2016,PM6,9035
14,7/27/2016,PM5,8914
14,7/27/2016,PM4,8834
14,7/27/2016,PM1,8237
14,7/27/2016,PM12,8863
14,7/27/2016,PM2,7888
14,7/27/2016,PM19,8935
14,7/27/2016,PM3,8353
14,7/27/2016,PM13,8673
14,7/27/2016,PM8,8663
14,7/27/2016,PM15,9014
14,7/27/2016,PM9,8454
14,7/27/2016,PM14,8803
14,7/27/2016,PM20,9093
14,7/27/2016,PM22,8690
14,7/27/2016,PM16,9219
14,7/27/2016,PM6,8899
14,7/27/2016,PM17,8830
14,7/27/2016,PM11,9171
14,7/27/2016,PM10,8693
14,7/27/2016,PM7,8836
14,7/27/2016,PM18,8952
14,7/27/2016,PM21,9083
15,8/12/2016,PM2,7875
15,8/12/2016,PM4,8814
15,8/12/2016,PM9,8400
15,8/12/2016,PM13,7601
15,8/12/2016,PM12,7956
15,8/12/2016,PM15,7995
15,8/12/2016,PM19,8938
15,8/12/2016,PM5,8826
15,8/12/2016,PM17,8600
15,8/12/2016,PM22,8885
15,8/12/2016,PM10,8266
15,8/12/2016,PM3,8426
15,8/12/2016,PM18,8852
15,8/12/2016,PM20,8680
15,8/12/2016,PM11,9011
15,8/12/2016,PM8,8832
15,8/12/2016,PM14,7532
15,8/12/2016,PM1,8052
15,8/12/2016,PM6,8082
15,8/12/2016,PM21,8646
15,8/12/2016,PM7,8344
15,8/12/2016,PM16,9178
16,8/28/2016,PM13,8726
16,8/28/2016,PM15,8610
16,8/28/2016,PM4,8918
16,8/28/2016,PM22,8863
16,8/28/2016,PM2,8565
16,8/28/2016,PM10,8369
16,8/28/2016,PM19,9046
16,8/28/2016,PM18,8881
16,8/28/2016,PM7,8743
16,8/28/2016,PM12,8429
16,8/28/2016,PM1,8410
16,8/28/2016,PM8,8838
16,8/28/2016,PM5,8966
16,8/28/2016,PM20,8816
16,8/28/2016,PM14,8083
16,8/28/2016,PM11,9096
16,8/28/2016,PM3,8557
16,8/28/2016,PM9,8759
16,8/28/2016,PM17,8987
16,8/28/2016,PM6,9042
16,8/28/2016,PM21,8901
16,8/28/2016,PM16,9081
17,9/13/2016,PM3,8375
17,9/13/2016,PM5,8845
17,9/13/2016,PM19,8966
17,9/13/2016,PM15,8387
17,9/13/2016,PM18,8757
17,9/13/2016,PM12,8001
17,9/13/2016,PM8,8704
17,9/13/2016,PM2,7731
17,9/13/2016,PM22,8628
17,9/13/2016,PM14,8068
17,9/13/2016,PM20,8693
17,9/13/2016,PM1,7911
17,9/13/2016,PM10,8128
17,9/13/2016,PM7,8551
17,9/13/2016,PM17,8780
17,9/13/2016,PM6,8949
17,9/13/2016,PM16,8922
17,9/13/2016,PM9,8499
17,9/13/2016,PM13,8503
17,9/13/2016,PM21,8829
17,9/13/2016,PM11,8943
17,9/13/2016,PM4,8820
18,9/29/2016,PM13,8390
18,9/29/2016,PM14,8263
18,9/29/2016,PM8,8512
18,9/29/2016,PM2,8038
18,9/29/2016,PM9,8589
18,9/29/2016,PM7,8695
18,9/29/2016,PM3,8011
18,9/29/2016,PM18,8649
18,9/29/2016,PM17,8638
18,9/29/2016,PM4,8760
18,9/29/2016,PM19,8810
18,9/29/2016,PM5,8610
18,9/29/2016,PM12,7469
18,9/29/2016,PM22,8371
18,9/29/2016,PM11,8897
18,9/29/2016,PM15,7448
18,9/29/2016,PM1,8051
18,9/29/2016,PM21,8601
18,9/29/2016,PM20,8569
18,9/29/2016,PM10,7789
18,9/29/2016,PM6,8759
18,9/29/2016,PM16,8881
19,10/15/2016,PM12,6855
19,10/15/2016,PM4,7993
19,10/15/2016,PM19,8308
19,10/15/2016,PM3,7533
19,10/15/2016,PM13,7933
19,10/15/2016,PM17,8126
19,10/15/2016,PM11,8295
19,10/15/2016,PM9,7337
19,10/15/2016,PM2,8024
19,10/15/2016,PM18,8382
19,10/15/2016,PM1,7081
19,10/15/2016,PM8,8077
19,10/15/2016,PM10,7422
19,10/15/2016,PM14,6670
19,10/15/2016,PM7,8080
19,10/15/2016,PM5,8071
19,10/15/2016,PM6,8307
19,10/15/2016,PM16,8433
19,10/15/2016,PM21,8161
19,10/15/2016,PM22,7224
19,10/15/2016,PM15,6610
19,10/15/2016,PM20,8426
20,10/31/2016,PM19,6682
20,10/31/2016,PM2,6313
20,10/31/2016,PM12,6272
20,10/31/2016,PM1,6356
20,10/31/2016,PM13,7122
20,10/31/2016,PM17,6401
20,10/31/2016,PM18,7087
20,10/31/2016,PM8,6471
20,10/31/2016,PM4,6620
20,10/31/2016,PM3,6509
20,10/31/2016,PM22,6175
20,10/31/2016,PM11,6657
20,10/31/2016,PM10,5319
20,10/31/2016,PM15,5905
20,10/31/2016,PM7,6540
20,10/31/2016,PM6,6551
20,10/31/2016,PM14,5695
20,10/31/2016,PM5,6246
20,10/31/2016,PM9,6040
20,10/31/2016,PM16,7117
20,10/31/2016,PM21,6607
20,10/31/2016,PM20,7123
21,11/16/2016,PM12,5076
21,11/16/2016,PM13,5143
21,11/16/2016,PM17,5586
21,11/16/2016,PM8,5542
21,11/16/2016,PM2,5130
21,11/16/2016,PM19,5164
21,11/16/2016,PM18,5390
21,11/16/2016,PM1,5357
21,11/16/2016,PM11,5038
21,11/16/2016,PM10,4713
21,11/16/2016,PM22,5264
21,11/16/2016,PM7,5133
21,11/16/2016,PM14,5052
21,11/16/2016,PM5,5316
21,11/16/2016,PM3,5977
21,11/16/2016,PM6,5338
21,11/16/2016,PM21,5197
21,11/16/2016,PM16,5575
21,11/16/2016,PM20,5416
21,11/16/2016,PM4,5328
21,11/16/2016,PM15,5054
21,11/16/2016,PM9,5501
22,12/2/2016,PM22,5262
22,12/2/2016,PM12,4328
22,12/2/2016,PM17,4887
22,12/2/2016,PM2,5015
22,12/2/2016,PM6,5119
22,12/2/2016,PM11,4705
22,12/2/2016,PM13,4627
22,12/2/2016,PM1,5525
22,12/2/2016,PM7,4860
22,12/2/2016,PM5,5746
22,12/2/2016,PM3,5816
22,12/2/2016,PM18,4455
22,12/2/2016,PM14,4637
22,12/2/2016,PM16,4419
22,12/2/2016,PM8,5750
22,12/2/2016,PM15,4527
22,12/2/2016,PM21,4654
22,12/2/2016,PM4,5398
22,12/2/2016,PM20,4624
22,12/2/2016,PM19,4375
22,12/2/2016,PM10,4241
22,12/2/2016,PM9,6145
23,12/18/2016,PM2,4601
23,12/18/2016,PM6,5602
23,12/18/2016,PM22,5132
23,12/18/2016,PM1,5521
23,12/18/2016,PM4,5581
23,12/18/2016,PM17,4785
23,12/18/2016,PM3,5552
23,12/18/2016,PM7,4849
23,12/18/2016,PM10,4905
23,12/18/2016,PM18,4477
23,12/18/2016,PM5,5544
23,12/18/2016,PM12,4081
23,12/18/2016,PM11,4690
23,12/18/2016,PM16,4315
23,12/18/2016,PM21,4604
23,12/18/2016,PM14,4550
23,12/18/2016,PM13,4692
23,12/18/2016,PM8,5438
23,12/18/2016,PM19,4303
23,12/18/2016,PM15,4257
23,12/18/2016,PM20,4602
23,12/18/2016,PM9,5030
24,1/3/2017,PM2,3495
24,1/3/2017,PM11,2198
24,1/3/2017,PM17,1964
24,1/3/2017,PM1,3272
24,1/3/2017,PM10,1823
24,1/3/2017,PM18,3614
24,1/3/2017,PM12,231
24,1/3/2017,PM6,2043
24,1/3/2017,PM22,191
24,1/3/2017,PM16,2285
24,1/3/2017,PM21,3032
24,1/3/2017,PM3,2344
24,1/3/2017,PM13,2323
24,1/3/2017,PM5,2862
24,1/3/2017,PM20,3006
24,1/3/2017,PM9,3010
24,1/3/2017,PM15,2784
24,1/3/2017,PM14,2495
24,1/3/2017,PM19,3643
24,1/3/2017,PM7,180
24,1/3/2017,PM4,4878
24,1/3/2017,PM8,2565
25,1/19/2017,PM12,4002
25,1/19/2017,PM2,5382
25,1/19/2017,PM1,5620
25,1/19/2017,PM16,4471
25,1/19/2017,PM6,5189
25,1/19/2017,PM7,4771
25,1/19/2017,PM11,4552
25,1/19/2017,PM3,6124
25,1/19/2017,PM9,5294
25,1/19/2017,PM5,5482
25,1/19/2017,PM17,4679
25,1/19/2017,PM4,5655
25,1/19/2017,PM21,4569
25,1/19/2017,PM22,5157
25,1/19/2017,PM10,4713
25,1/19/2017,PM20,4661
25,1/19/2017,PM18,4654
25,1/19/2017,PM19,4313
25,1/19/2017,PM15,4283
25,1/19/2017,PM13,5135
25,1/19/2017,PM14,4646
25,1/19/2017,PM8,5613
26,2/4/2017,PM3,5185
26,2/4/2017,PM22,4728
26,2/4/2017,PM10,4612
26,2/4/2017,PM4,5408
26,2/4/2017,PM6,4926
26,2/4/2017,PM12,3831
26,2/4/2017,PM20,4369
26,2/4/2017,PM17,4523
26,2/4/2017,PM18,4449
26,2/4/2017,PM21,4188
26,2/4/2017,PM1,5416
26,2/4/2017,PM2,4725
26,2/4/2017,PM14,4518
26,2/4/2017,PM19,4109
26,2/4/2017,PM5,5259
26,2/4/2017,PM15,4118
26,2/4/2017,PM7,4284
26,2/4/2017,PM11,4277
26,2/4/2017,PM16,4235
26,2/4/2017,PM13,4472
26,2/4/2017,PM8,5198
26,2/4/2017,PM9,4698
27,2/20/2017,PM20,4352
27,2/20/2017,PM17,4507
27,2/20/2017,PM1,5513
27,2/20/2017,PM14,4494
27,2/20/2017,PM13,4605
27,2/20/2017,PM2,4814
27,2/20/2017,PM5,5048
27,2/20/2017,PM15,4410
27,2/20/2017,PM21,4363
27,2/20/2017,PM16,4215
27,2/20/2017,PM6,4703
27,2/20/2017,PM22,5035
27,2/20/2017,PM19,4098
27,2/20/2017,PM18,4272
27,2/20/2017,PM7,4262
27,2/20/2017,PM3,5644
27,2/20/2017,PM12,3849
27,2/20/2017,PM8,5355
27,2/20/2017,PM4,5159
27,2/20/2017,PM9,5420
27,2/20/2017,PM10,4380
27,2/20/2017,PM11,4443
28,3/8/2017,PM9,5220
28,3/8/2017,PM10,4201
28,3/8/2017,PM17,4494
28,3/8/2017,PM5,5106
28,3/8/2017,PM21,4184
28,3/8/2017,PM3,5483
28,3/8/2017,PM1,5447
28,3/8/2017,PM7,4574
28,3/8/2017,PM18,4281
28,3/8/2017,PM4,4974
28,3/8/2017,PM8,5394
28,3/8/2017,PM13,4361
28,3/8/2017,PM19,4086
28,3/8/2017,PM16,4155
28,3/8/2017,PM14,4362
28,3/8/2017,PM15,4003
28,3/8/2017,PM20,4259
28,3/8/2017,PM12,4122
28,3/8/2017,PM11,4175
28,3/8/2017,PM22,4824
28,3/8/2017,PM2,4605
28,3/8/2017,PM6,4478
29,3/24/2017,PM10,4462
29,3/24/2017,PM3,5549
29,3/24/2017,PM8,5295
29,3/24/2017,PM9,5160
29,3/24/2017,PM4,5145
29,3/24/2017,PM14,4442
29,3/24/2017,PM18,4201
29,3/24/2017,PM5,5099
29,3/24/2017,PM16,4048
29,3/24/2017,PM11,4148
29,3/24/2017,PM19,4105
29,3/24/2017,PM22,4734
29,3/24/2017,PM2,4985
29,3/24/2017,PM7,4437
29,3/24/2017,PM12,3858
29,3/24/2017,PM17,4468
29,3/24/2017,PM13,4544
29,3/24/2017,PM20,4282
29,3/24/2017,PM15,4030
29,3/24/2017,PM1,5153
29,3/24/2017,PM6,4984
29,3/24/2017,PM21,4371
30,4/9/2017,PM3,5898
30,4/9/2017,PM8,5885
30,4/9/2017,PM4,5586
30,4/9/2017,PM9,5315
30,4/9/2017,PM10,4277
30,4/9/2017,PM14,4739
30,4/9/2017,PM18,5453
30,4/9/2017,PM22,6446
30,4/9/2017,PM5,5658
30,4/9/2017,PM2,5685
30,4/9/2017,PM19,5076
30,4/9/2017,PM7,5431
30,4/9/2017,PM13,4926
30,4/9/2017,PM15,4621
30,4/9/2017,PM20,5497
30,4/9/2017,PM17,5596
30,4/9/2017,PM21,5709
30,4/9/2017,PM12,5225
30,4/9/2017,PM16,5013
30,4/9/2017,PM11,4892
30,4/9/2017,PM6,5155
30,4/9/2017,PM1,5709
31,4/25/2017,PM18,8805
31,4/25/2017,PM10,7713
31,4/25/2017,PM12,7642
31,4/25/2017,PM9,8649
31,4/25/2017,PM13,8644
31,4/25/2017,PM5,8873
31,4/25/2017,PM2,8257
31,4/25/2017,PM8,8795
31,4/25/2017,PM4,8946
31,4/25/2017,PM3,8822
31,4/25/2017,PM14,7596
31,4/25/2017,PM19,8907
31,4/25/2017,PM11,8868
31,4/25/2017,PM17,8856
31,4/25/2017,PM7,8791
31,4/25/2017,PM1,8657
31,4/25/2017,PM20,8947
31,4/25/2017,PM21,8980
31,4/25/2017,PM15,8002
31,4/25/2017,PM6,8851
31,4/25/2017,PM22,8783
31,4/25/2017,PM16,8944
32,5/11/2017,PM13,8293
32,5/11/2017,PM12,8031
32,5/11/2017,PM2,7735
32,5/11/2017,PM10,7739
32,5/11/2017,PM3,8655
32,5/11/2017,PM18,9029
32,5/11/2017,PM14,8488
32,5/11/2017,PM22,8989
32,5/11/2017,PM11,9057
32,5/11/2017,PM8,8909
32,5/11/2017,PM7,8906
32,5/11/2017,PM9,8723
32,5/11/2017,PM17,9142
32,5/11/2017,PM4,9051
32,5/11/2017,PM20,8807
32,5/11/2017,PM5,8911
32,5/11/2017,PM21,9080
32,5/11/2017,PM15,8692
32,5/11/2017,PM1,8733
32,5/11/2017,PM16,9048
32,5/11/2017,PM19,9072
32,5/11/2017,PM6,8990
33,5/27/2017,PM3,9028
33,5/27/2017,PM2,8803
33,5/27/2017,PM6,9207
33,5/27/2017,PM9,8226
33,5/27/2017,PM13,8647
33,5/27/2017,PM8,8780
33,5/27/2017,PM18,8887
33,5/27/2017,PM22,8793
33,5/27/2017,PM17,8742
33,5/27/2017,PM15,8139
33,5/27/2017,PM14,7988
33,5/27/2017,PM7,8866
33,5/27/2017,PM10,8549
33,5/27/2017,PM21,9179
33,5/27/2017,PM12,8588
33,5/27/2017,PM19,9116
33,5/27/2017,PM1,8840
33,5/27/2017,PM16,9068
33,5/27/2017,PM4,9059
33,5/27/2017,PM11,9192
33,5/27/2017,PM5,8984
33,5/27/2017,PM20,9202
34,6/12/2017,PM18,8626
34,6/12/2017,PM3,9195
34,6/12/2017,PM12,8755
34,6/12/2017,PM2,8805
34,6/12/2017,PM22,8705
34,6/12/2017,PM6,9112
34,6/12/2017,PM4,9029
34,6/12/2017,PM8,8060
34,6/12/2017,PM10,7965
34,6/12/2017,PM13,8046
34,6/12/2017,PM21,9156
34,6/12/2017,PM19,9262
34,6/12/2017,PM1,8691
34,6/12/2017,PM17,8896
34,6/12/2017,PM11,9206
34,6/12/2017,PM7,9013
34,6/12/2017,PM15,7493
34,6/12/2017,PM14,7217
34,6/12/2017,PM9,8092
34,6/12/2017,PM16,9079
34,6/12/2017,PM20,9178
34,6/12/2017,PM5,9088
35,6/28/2017,PM3,8780
35,6/28/2017,PM18,8757
35,6/28/2017,PM14,7977
35,6/28/2017,PM7,8933
35,6/28/2017,PM16,8881
35,6/28/2017,PM12,7840
35,6/28/2017,PM9,7943
35,6/28/2017,PM22,8762
35,6/28/2017,PM4,8948
35,6/28/2017,PM2,8069
35,6/28/2017,PM6,8858
35,6/28/2017,PM13,8528
35,6/28/2017,PM15,8343
35,6/28/2017,PM19,8865
35,6/28/2017,PM8,8622
35,6/28/2017,PM1,8723
35,6/28/2017,PM21,8915
35,6/28/2017,PM11,8993
35,6/28/2017,PM17,8801
35,6/28/2017,PM10,8097
35,6/28/2017,PM20,8863
35,6/28/2017,PM5,8880
36,7/14/2017,PM18,8798
36,7/14/2017,PM12,8615
36,7/14/2017,PM3,8557
36,7/14/2017,PM7,8733
36,7/14/2017,PM22,9256
36,7/14/2017,PM11,9068
36,7/14/2017,PM2,8577
36,7/14/2017,PM13,8556
36,7/14/2017,PM4,8804
36,7/14/2017,PM9,8238
36,7/14/2017,PM8,8566
36,7/14/2017,PM6,8798
36,7/14/2017,PM16,8995
36,7/14/2017,PM5,8792
36,7/14/2017,PM19,8785
36,7/14/2017,PM10,8336
36,7/14/2017,PM1,8503
36,7/14/2017,PM14,7981
36,7/14/2017,PM15,8183
36,7/14/2017,PM17,8791
36,7/14/2017,PM21,9146
36,7/14/2017,PM20,9061
37,7/30/2017,PM7,8570
37,7/30/2017,PM22,8589
37,7/30/2017,PM8,8523
37,7/30/2017,PM17,8869
37,7/30/2017,PM18,8757
37,7/30/2017,PM3,8750
37,7/30/2017,PM4,8735
37,7/30/2017,PM2,8540
37,7/30/2017,PM14,7937
37,7/30/2017,PM16,8926
37,7/30/2017,PM15,8083
37,7/30/2017,PM6,8774
37,7/30/2017,PM1,8565
37,7/30/2017,PM9,7894
37,7/30/2017,PM5,8703
37,7/30/2017,PM12,8000
37,7/30/2017,PM19,8667
37,7/30/2017,PM21,8901
37,7/30/2017,PM11,8992
37,7/30/2017,PM20,8700
37,7/30/2017,PM10,8439
37,7/30/2017,PM13,8417
38,8/15/2017,PM17,8844
38,8/15/2017,PM1,8884
38,8/15/2017,PM7,8678
38,8/15/2017,PM2,8344
38,8/15/2017,PM22,8863
38,8/15/2017,PM8,8896
38,8/15/2017,PM6,9075
38,8/15/2017,PM3,9040
38,8/15/2017,PM4,9071
38,8/15/2017,PM16,9164
38,8/15/2017,PM20,8946
38,8/15/2017,PM12,8399
38,8/15/2017,PM15,8805
38,8/15/2017,PM9,8826
38,8/15/2017,PM18,8905
38,8/15/2017,PM10,8271
38,8/15/2017,PM14,8396
38,8/15/2017,PM21,9075
38,8/15/2017,PM11,9150
38,8/15/2017,PM19,9025
38,8/15/2017,PM13,8571
38,8/15/2017,PM5,9086
39,8/31/2017,PM17,8738
39,8/31/2017,PM12,8151
39,8/31/2017,PM11,8902
39,8/31/2017,PM2,8319
39,8/31/2017,PM7,8771
39,8/31/2017,PM3,8613
39,8/31/2017,PM16,8768
39,8/31/2017,PM6,8866
39,8/31/2017,PM22,8426
39,8/31/2017,PM4,8679
39,8/31/2017,PM8,8631
39,8/31/2017,PM10,8317
39,8/31/2017,PM1,8219
39,8/31/2017,PM5,8749
39,8/31/2017,PM21,8772
39,8/31/2017,PM18,8535
39,8/31/2017,PM14,8449
39,8/31/2017,PM19,8836
39,8/31/2017,PM9,8011
39,8/31/2017,PM13,8490
39,8/31/2017,PM15,7743
39,8/31/2017,PM20,8676
40,9/16/2017,PM2,8464
40,9/16/2017,PM17,8773
40,9/16/2017,PM3,8313
40,9/16/2017,PM10,7823
40,9/16/2017,PM6,8799
40,9/16/2017,PM22,8509
40,9/16/2017,PM11,8854
40,9/16/2017,PM21,8659
40,9/16/2017,PM1,8213
40,9/16/2017,PM4,8578
40,9/16/2017,PM12,8339
40,9/16/2017,PM7,8698
40,9/16/2017,PM8,8558
40,9/16/2017,PM5,8714
40,9/16/2017,PM9,8109
40,9/16/2017,PM19,8819
40,9/16/2017,PM14,7599
40,9/16/2017,PM16,8875
40,9/16/2017,PM15,7780
40,9/16/2017,PM20,8763
40,9/16/2017,PM13,8404
40,9/16/2017,PM18,8837
41,10/2/2017,PM1,7956
41,10/2/2017,PM12,7906
41,10/2/2017,PM11,8709
41,10/2/2017,PM17,8355
41,10/2/2017,PM8,8118
41,10/2/2017,PM9,7108
41,10/2/2017,PM7,8322
41,10/2/2017,PM4,8155
41,10/2/2017,PM10,7383
41,10/2/2017,PM15,8170
41,10/2/2017,PM19,8322
41,10/2/2017,PM5,8470
41,10/2/2017,PM21,8517
41,10/2/2017,PM22,8059
41,10/2/2017,PM20,8239
41,10/2/2017,PM2,7717
41,10/2/2017,PM3,8350
41,10/2/2017,PM18,8418
41,10/2/2017,PM6,8530
41,10/2/2017,PM13,8364
41,10/2/2017,PM14,7718
41,10/2/2017,PM16,8684
42,10/18/2017,PM13,8116
42,10/18/2017,PM19,8431
42,10/18/2017,PM15,6893
42,10/18/2017,PM11,8456
42,10/18/2017,PM14,8191
42,10/18/2017,PM16,8610
42,10/18/2017,PM5,8115
42,10/18/2017,PM4,7630
42,10/18/2017,PM1,7270
42,10/18/2017,PM12,8242
42,10/18/2017,PM7,8457
42,10/18/2017,PM2,7793
42,10/18/2017,PM8,8159
42,10/18/2017,PM18,8415
42,10/18/2017,PM20,7978
42,10/18/2017,PM21,8401
42,10/18/2017,PM10,7227
42,10/18/2017,PM17,8619
42,10/18/2017,PM9,7662
42,10/18/2017,PM22,7574
42,10/18/2017,PM6,8228
42,10/18/2017,PM3,7857
43,11/3/2017,PM15,4810
43,11/3/2017,PM7,5677
43,11/3/2017,PM14,4996
43,11/3/2017,PM16,5558
43,11/3/2017,PM8,5626
43,11/3/2017,PM18,5675
43,11/3/2017,PM4,6000
43,11/3/2017,PM9,4921
43,11/3/2017,PM21,5714
43,11/3/2017,PM10,4793
43,11/3/2017,PM2,5853
43,11/3/2017,PM5,5665
43,11/3/2017,PM6,5406
43,11/3/2017,PM22,5325
43,11/3/2017,PM11,5339
43,11/3/2017,PM17,5655
43,11/3/2017,PM19,5497
43,11/3/2017,PM3,5919
43,11/3/2017,PM13,5491
43,11/3/2017,PM12,4863
43,11/3/2017,PM20,6388
43,11/3/2017,PM1,6534
44,11/19/2017,PM9,5358
44,11/19/2017,PM10,4777
44,11/19/2017,PM8,5787
44,11/19/2017,PM5,5396
44,11/19/2017,PM3,5912
44,11/19/2017,PM13,4995
44,11/19/2017,PM4,5432
44,11/19/2017,PM2,5545
44,11/19/2017,PM15,4613
44,11/19/2017,PM6,5478
44,11/19/2017,PM12,4645
44,11/19/2017,PM14,4871
44,11/19/2017,PM19,4642
44,11/19/2017,PM1,5615
44,11/19/2017,PM18,5077
44,11/19/2017,PM16,4847
44,11/19/2017,PM20,5079
44,11/19/2017,PM7,5043
44,11/19/2017,PM22,5297
44,11/19/2017,PM17,5227
44,11/19/2017,PM11,4989
44,11/19/2017,PM21,4965
45,12/5/2017,PM15,4883
45,12/5/2017,PM19,4504
45,12/5/2017,PM4,5416
45,12/5/2017,PM16,4550
45,12/5/2017,PM14,4578
45,12/5/2017,PM3,6423
45,12/5/2017,PM18,4699
45,12/5/2017,PM8,5844
45,12/5/2017,PM20,4647
45,12/5/2017,PM9,6062
45,12/5/2017,PM7,5233
45,12/5/2017,PM10,4944
45,12/5/2017,PM17,4736
45,12/5/2017,PM2,5053
45,12/5/2017,PM5,5985
45,12/5/2017,PM13,5170
45,12/5/2017,PM1,5920
45,12/5/2017,PM22,5269
45,12/5/2017,PM6,5430
45,12/5/2017,PM12,4681
45,12/5/2017,PM11,4595
45,12/5/2017,PM21,4833
46,12/21/2017,PM3,5210
46,12/21/2017,PM8,5651
46,12/21/2017,PM15,4578
46,12/21/2017,PM10,4720
46,12/21/2017,PM4,5735
46,12/21/2017,PM2,5388
46,12/21/2017,PM7,5055
46,12/21/2017,PM12,4438
46,12/21/2017,PM14,4788
46,12/21/2017,PM18,4484
46,12/21/2017,PM5,5806
46,12/21/2017,PM13,4944
46,12/21/2017,PM11,4729
46,12/21/2017,PM16,4405
46,12/21/2017,PM6,4794
46,12/21/2017,PM19,4477
46,12/21/2017,PM9,5762
46,12/21/2017,PM20,4619
46,12/21/2017,PM1,5568
46,12/21/2017,PM17,4680
46,12/21/2017,PM22,5068
46,12/21/2017,PM21,4541
47,1/6/2018,PM14,4788
47,1/6/2018,PM3,5210
47,1/6/2018,PM13,4944
47,1/6/2018,PM4,5735
47,1/6/2018,PM8,5651
47,1/6/2018,PM15,4578
47,1/6/2018,PM19,4477
47,1/6/2018,PM2,5388
47,1/6/2018,PM16,4405
47,1/6/2018,PM5,5806
47,1/6/2018,PM7,5055
47,1/6/2018,PM9,5762
47,1/6/2018,PM22,5068
47,1/6/2018,PM10,4720
47,1/6/2018,PM12,4438
47,1/6/2018,PM17,4680
47,1/6/2018,PM21,4541
47,1/6/2018,PM6,4794
47,1/6/2018,PM20,4619
47,1/6/2018,PM18,4484
47,1/6/2018,PM11,4729
47,1/6/2018,PM1,5568
48,1/22/2018,PM14,4602
48,1/22/2018,PM8,5698
48,1/22/2018,PM7,4667
48,1/22/2018,PM2,4489
48,1/22/2018,PM19,4524
48,1/22/2018,PM5,5592
48,1/22/2018,PM18,4613
48,1/22/2018,PM9,5254
48,1/22/2018,PM17,4627
48,1/22/2018,PM1,4925
48,1/22/2018,PM3,5390
48,1/22/2018,PM12,4208
48,1/22/2018,PM22,4810
48,1/22/2018,PM16,4328
48,1/22/2018,PM4,5662
48,1/22/2018,PM13,4678
48,1/22/2018,PM15,4337
48,1/22/2018,PM6,5881
48,1/22/2018,PM10,4765
48,1/22/2018,PM20,4428
48,1/22/2018,PM11,4484
48,1/22/2018,PM21,4490
49,2/7/2018,PM2,4413
49,2/7/2018,PM7,4185
49,2/7/2018,PM18,4394
49,2/7/2018,PM9,5293
49,2/7/2018,PM17,4454
49,2/7/2018,PM14,4334
49,2/7/2018,PM3,5285
49,2/7/2018,PM13,4608
49,2/7/2018,PM12,4158
49,2/7/2018,PM1,5626
49,2/7/2018,PM16,4164
49,2/7/2018,PM8,5397
49,2/7/2018,PM15,4540
49,2/7/2018,PM5,5360
49,2/7/2018,PM6,5291
49,2/7/2018,PM19,4230
49,2/7/2018,PM10,4710
49,2/7/2018,PM22,4826
49,2/7/2018,PM11,4396
49,2/7/2018,PM20,4376
49,2/7/2018,PM4,5394
49,2/7/2018,PM21,4328
50,2/23/2018,PM3,5509
50,2/23/2018,PM1,5638
50,2/23/2018,PM8,5343
50,2/23/2018,PM17,4376
50,2/23/2018,PM18,4423
50,2/23/2018,PM16,4253
50,2/23/2018,PM7,4456
50,2/23/2018,PM13,4548
50,2/23/2018,PM15,4402
50,2/23/2018,PM22,4882
50,2/23/2018,PM9,5413
50,2/23/2018,PM2,5302
50,2/23/2018,PM14,4697
50,2/23/2018,PM12,3903
50,2/23/2018,PM5,5074
50,2/23/2018,PM21,4297
50,2/23/2018,PM20,4422
50,2/23/2018,PM4,5592
50,2/23/2018,PM6,4608
50,2/23/2018,PM10,4675
50,2/23/2018,PM11,4185
50,2/23/2018,PM19,4197
51,3/11/2018,PM2,5247
51,3/11/2018,PM13,4362
51,3/11/2018,PM7,4598
51,3/11/2018,PM22,4503
51,3/11/2018,PM8,4828
51,3/11/2018,PM3,5510
51,3/11/2018,PM1,5231
51,3/11/2018,PM11,4263
51,3/11/2018,PM18,4262
51,3/11/2018,PM12,3781
51,3/11/2018,PM19,4024
51,3/11/2018,PM6,4344
51,3/11/2018,PM5,4964
51,3/11/2018,PM17,4302
51,3/11/2018,PM16,4230
51,3/11/2018,PM14,4397
51,3/11/2018,PM21,4017
51,3/11/2018,PM20,4296
51,3/11/2018,PM4,5096
51,3/11/2018,PM9,4613
51,3/11/2018,PM15,4479
51,3/11/2018,PM10,3827
52,3/27/2018,PM19,4169
52,3/27/2018,PM6,4575
52,3/27/2018,PM12,4181
52,3/27/2018,PM7,4708
52,3/27/2018,PM17,4529
52,3/27/2018,PM10,4315
52,3/27/2018,PM14,4490
52,3/27/2018,PM13,4569
52,3/27/2018,PM2,4969
52,3/27/2018,PM22,4782
52,3/27/2018,PM16,4167
52,3/27/2018,PM1,5274
52,3/27/2018,PM21,4208
52,3/27/2018,PM3,5591
52,3/27/2018,PM11,4181
52,3/27/2018,PM5,4982
52,3/27/2018,PM8,5430
52,3/27/2018,PM15,4597
52,3/27/2018,PM4,4808
52,3/27/2018,PM9,5249
52,3/27/2018,PM20,4484
52,3/27/2018,PM18,4326
53,4/12/2018,PM7,4973
53,4/12/2018,PM17,5273
53,4/12/2018,PM6,5222
53,4/12/2018,PM20,4853
53,4/12/2018,PM2,5381
53,4/12/2018,PM9,4281
53,4/12/2018,PM14,4571
53,4/12/2018,PM18,5000
53,4/12/2018,PM15,4354
53,4/12/2018,PM12,4637
53,4/12/2018,PM21,5477
53,4/12/2018,PM16,4504
53,4/12/2018,PM5,4951
53,4/12/2018,PM4,5291
53,4/12/2018,PM3,5434
53,4/12/2018,PM13,4567
53,4/12/2018,PM1,5515
53,4/12/2018,PM22,5829
53,4/12/2018,PM11,4443
53,4/12/2018,PM10,4145
53,4/12/2018,PM19,4675
53,4/12/2018,PM8,5412
54,4/28/2018,PM7,8370
54,4/28/2018,PM16,8038
54,4/28/2018,PM22,8088
54,4/28/2018,PM9,7062
54,4/28/2018,PM15,6514
54,4/28/2018,PM17,8355
54,4/28/2018,PM3,8026
54,4/28/2018,PM5,8370
54,4/28/2018,PM20,8382
54,4/28/2018,PM2,8442
54,4/28/2018,PM12,7617
54,4/28/2018,PM6,8410
54,4/28/2018,PM18,8363
54,4/28/2018,PM4,8332
54,4/28/2018,PM13,7786
54,4/28/2018,PM1,7749
54,4/28/2018,PM10,6861
54,4/28/2018,PM14,6529
54,4/28/2018,PM19,8321
54,4/28/2018,PM8,8268
54,4/28/2018,PM21,8605
54,4/28/2018,PM11,8129
55,5/14/2018,PM5,8736
55,5/14/2018,PM16,8837
55,5/14/2018,PM2,7958
55,5/14/2018,PM6,8665
55,5/14/2018,PM17,8914
55,5/14/2018,PM13,8413
55,5/14/2018,PM12,7714
55,5/14/2018,PM3,8694
55,5/14/2018,PM9,8076
55,5/14/2018,PM14,8042
55,5/14/2018,PM8,8736
55,5/14/2018,PM15,8315
55,5/14/2018,PM10,7826
55,5/14/2018,PM20,8768
55,5/14/2018,PM4,8780
55,5/14/2018,PM1,8385
55,5/14/2018,PM11,8830
55,5/14/2018,PM22,8412
55,5/14/2018,PM7,8781
55,5/14/2018,PM19,8892
55,5/14/2018,PM18,8728
55,5/14/2018,PM21,8914
56,5/30/2018,PM2,8781
56,5/30/2018,PM18,8940
56,5/30/2018,PM17,8786
56,5/30/2018,PM19,9009
56,5/30/2018,PM14,9032
56,5/30/2018,PM20,8833
56,5/30/2018,PM15,8607
56,5/30/2018,PM12,8206
56,5/30/2018,PM16,9534
56,5/30/2018,PM7,9146
56,5/30/2018,PM1,8747
56,5/30/2018,PM3,8639
56,5/30/2018,PM22,8720
56,5/30/2018,PM9,8925
56,5/30/2018,PM4,8949
56,5/30/2018,PM5,8929
56,5/30/2018,PM21,9026
56,5/30/2018,PM10,9292
56,5/30/2018,PM6,9071
56,5/30/2018,PM11,9545
56,5/30/2018,PM13,7116
56,5/30/2018,PM8,7956
57,6/15/2018,PM19,9225
57,6/15/2018,PM20,9179
57,6/15/2018,PM18,9039
57,6/15/2018,PM7,9035
57,6/15/2018,PM21,9211
57,6/15/2018,PM9,9201
57,6/15/2018,PM3,8731
57,6/15/2018,PM16,9290
57,6/15/2018,PM12,8714
57,6/15/2018,PM5,9244
57,6/15/2018,PM14,8837
57,6/15/2018,PM2,8669
57,6/15/2018,PM17,9152
57,6/15/2018,PM6,9250
57,6/15/2018,PM22,8993
57,6/15/2018,PM13,8754
57,6/15/2018,PM8,8869
57,6/15/2018,PM15,8794
57,6/15/2018,PM10,9070
57,6/15/2018,PM4,9101
57,6/15/2018,PM1,9049
57,6/15/2018,PM11,9348
58,7/1/2018,PM19,8912
58,7/1/2018,PM9,8445
58,7/1/2018,PM14,8531
58,7/1/2018,PM21,9010
58,7/1/2018,PM5,8955
58,7/1/2018,PM10,8906
58,7/1/2018,PM16,9023
58,7/1/2018,PM8,8666
58,7/1/2018,PM3,8850
58,7/1/2018,PM12,8748
58,7/1/2018,PM7,8773
58,7/1/2018,PM18,8719
58,7/1/2018,PM20,8700
58,7/1/2018,PM13,8442
58,7/1/2018,PM1,8557
58,7/1/2018,PM22,8764
58,7/1/2018,PM11,9036
58,7/1/2018,PM15,8681
58,7/1/2018,PM4,8640
58,7/1/2018,PM17,8737
58,7/1/2018,PM2,8019
58,7/1/2018,PM6,8993
59,7/17/2018,PM18,8712
59,7/17/2018,PM9,8818
59,7/17/2018,PM21,9103
59,7/17/2018,PM7,8988
59,7/17/2018,PM19,9075
59,7/17/2018,PM10,8731
59,7/17/2018,PM2,8207
59,7/17/2018,PM5,9019
59,7/17/2018,PM15,8711
59,7/17/2018,PM13,8731
59,7/17/2018,PM3,8474
59,7/17/2018,PM12,8391
59,7/17/2018,PM8,8405
59,7/17/2018,PM20,9013
59,7/17/2018,PM4,9049
59,7/17/2018,PM1,7858
59,7/17/2018,PM22,8785
59,7/17/2018,PM14,8486
59,7/17/2018,PM6,9127
59,7/17/2018,PM17,8955
59,7/17/2018,PM16,9124
59,7/17/2018,PM11,9070
60,8/2/2018,PM2,7791
60,8/2/2018,PM20,8878
60,8/2/2018,PM19,9137
60,8/2/2018,PM3,8720
60,8/2/2018,PM18,8961
60,8/2/2018,PM13,8638
60,8/2/2018,PM15,8515
60,8/2/2018,PM7,8796
60,8/2/2018,PM6,8976
60,8/2/2018,PM4,8796
60,8/2/2018,PM8,9001
60,8/2/2018,PM12,8492
60,8/2/2018,PM9,8847
60,8/2/2018,PM22,8815
60,8/2/2018,PM17,8741
60,8/2/2018,PM21,9042
60,8/2/2018,PM10,8592
60,8/2/2018,PM14,8958
60,8/2/2018,PM11,9080
60,8/2/2018,PM1,8387
60,8/2/2018,PM16,9104
60,8/2/2018,PM5,9007
61,8/18/2018,PM14,8306
61,8/18/2018,PM13,8839
61,8/18/2018,PM6,8871
61,8/18/2018,PM9,8588
61,8/18/2018,PM18,8944
61,8/18/2018,PM8,8734
61,8/18/2018,PM2,8648
61,8/18/2018,PM16,8997
61,8/18/2018,PM20,8938
61,8/18/2018,PM19,8987
61,8/18/2018,PM7,8898
61,8/18/2018,PM21,8904
61,8/18/2018,PM12,8653
61,8/18/2018,PM1,8606
61,8/18/2018,PM22,8804
61,8/18/2018,PM5,8770
61,8/18/2018,PM4,8797
61,8/18/2018,PM3,8826
61,8/18/2018,PM10,8563
61,8/18/2018,PM11,9051
61,8/18/2018,PM17,9010
61,8/18/2018,PM15,8681
62,9/3/2018,PM9,9009
62,9/3/2018,PM2,8574
62,9/3/2018,PM19,9086
62,9/3/2018,PM22,8686
62,9/3/2018,PM14,8874
62,9/3/2018,PM1,8703
62,9/3/2018,PM6,9010
62,9/3/2018,PM13,8711
62,9/3/2018,PM18,9022
62,9/3/2018,PM12,8529
62,9/3/2018,PM3,8716
62,9/3/2018,PM21,8959
62,9/3/2018,PM5,9073
62,9/3/2018,PM7,8872
62,9/3/2018,PM17,8546
62,9/3/2018,PM8,8796
62,9/3/2018,PM15,8971
62,9/3/2018,PM10,8438
62,9/3/2018,PM16,9089
62,9/3/2018,PM11,9175
62,9/3/2018,PM20,8865
62,9/3/2018,PM4,8938
63,9/19/2018,PM13,8326
63,9/19/2018,PM2,8160
63,9/19/2018,PM14,8495
63,9/19/2018,PM9,8635
63,9/19/2018,PM19,8781
63,9/19/2018,PM3,8561
63,9/19/2018,PM6,8873
63,9/19/2018,PM15,8637
63,9/19/2018,PM7,8601
63,9/19/2018,PM12,8393
63,9/19/2018,PM8,8368
63,9/19/2018,PM1,8231
63,9/19/2018,PM20,8591
63,9/19/2018,PM22,8169
63,9/19/2018,PM11,9036
63,9/19/2018,PM21,8632
63,9/19/2018,PM17,8103
63,9/19/2018,PM4,8684
63,9/19/2018,PM18,8528
63,9/19/2018,PM5,8770
63,9/19/2018,PM10,8587
63,9/19/2018,PM16,8834
64,10/5/2018,PM8,8165
64,10/5/2018,PM13,8422
64,10/5/2018,PM14,8474
64,10/5/2018,PM19,8835
64,10/5/2018,PM2,8645
64,10/5/2018,PM16,8799
64,10/5/2018,PM6,8769
64,10/5/2018,PM15,7801
64,10/5/2018,PM3,8460
64,10/5/2018,PM22,8186
64,10/5/2018,PM18,8756
64,10/5/2018,PM1,8043
64,10/5/2018,PM20,8599
64,10/5/2018,PM4,8633
64,10/5/2018,PM21,8643
64,10/5/2018,PM12,8081
64,10/5/2018,PM17,8752
64,10/5/2018,PM11,8844
64,10/5/2018,PM7,8616
64,10/5/2018,PM10,8329
64,10/5/2018,PM5,8709
64,10/5/2018,PM9,8500
65,10/21/2018,PM13,8425
65,10/21/2018,PM3,8413
65,10/21/2018,PM2,7788
65,10/21/2018,PM12,7449
65,10/21/2018,PM8,8274
65,10/21/2018,PM18,8819
65,10/21/2018,PM7,8647
65,10/21/2018,PM22,7989
65,10/21/2018,PM17,8560
65,10/21/2018,PM6,8629
65,10/21/2018,PM5,8466
65,10/21/2018,PM14,8003
65,10/21/2018,PM19,8572
65,10/21/2018,PM4,8467
65,10/21/2018,PM1,8156
65,10/21/2018,PM15,8120
65,10/21/2018,PM10,7874
65,10/21/2018,PM16,8602
65,10/21/2018,PM9,7912
65,10/21/2018,PM11,8697
65,10/21/2018,PM20,8544
65,10/21/2018,PM21,8491
66,11/6/2018,PM2,6543
66,11/6/2018,PM12,6242
66,11/6/2018,PM5,6100
66,11/6/2018,PM22,6476
66,11/6/2018,PM4,6690
66,11/6/2018,PM18,7139
66,11/6/2018,PM6,6663
66,11/6/2018,PM7,6753
66,11/6/2018,PM16,6591
66,11/6/2018,PM9,6118
66,11/6/2018,PM13,6939
66,11/6/2018,PM14,6327
66,11/6/2018,PM1,6800
66,11/6/2018,PM21,6830
66,11/6/2018,PM17,7023
66,11/6/2018,PM10,5590
66,11/6/2018,PM3,6893
66,11/6/2018,PM19,6437
66,11/6/2018,PM8,6514
66,11/6/2018,PM11,6606
66,11/6/2018,PM20,7007
66,11/6/2018,PM15,6367
67,11/22/2018,PM22,5442
67,11/22/2018,PM18,5414
67,11/22/2018,PM2,5654
67,11/22/2018,PM7,5206
67,11/22/2018,PM14,5256
67,11/22/2018,PM21,5234
67,11/22/2018,PM17,5376
67,11/22/2018,PM12,4932
67,11/22/2018,PM5,5570
67,11/22/2018,PM19,4887
67,11/22/2018,PM8,6019
67,11/22/2018,PM13,5365
67,11/22/2018,PM1,6035
67,11/22/2018,PM15,5165
67,11/22/2018,PM10,5276
67,11/22/2018,PM4,5978
67,11/22/2018,PM20,5200
67,11/22/2018,PM11,5211
67,11/22/2018,PM16,5233
67,11/22/2018,PM6,5326
67,11/22/2018,PM3,6302
67,11/22/2018,PM9,5317
68,12/8/2018,PM7,5149
68,12/8/2018,PM19,4915
68,12/8/2018,PM1,5387
68,12/8/2018,PM12,4807
68,12/8/2018,PM5,6301
68,12/8/2018,PM8,5540
68,12/8/2018,PM2,5048
68,12/8/2018,PM9,6366
68,12/8/2018,PM6,6308
68,12/8/2018,PM10,5150
68,12/8/2018,PM15,5080
68,12/8/2018,PM21,5193
68,12/8/2018,PM17,5016
68,12/8/2018,PM11,5238
68,12/8/2018,PM20,5071
68,12/8/2018,PM22,5485
68,12/8/2018,PM3,6289
68,12/8/2018,PM13,5010
68,12/8/2018,PM18,4749
68,12/8/2018,PM14,5335
68,12/8/2018,PM4,6328
68,12/8/2018,PM16,5062
69,12/24/2018,PM14,4962
69,12/24/2018,PM12,4174
69,12/24/2018,PM10,5158
69,12/24/2018,PM5,5468
69,12/24/2018,PM3,6288
69,12/24/2018,PM6,5386
69,12/24/2018,PM7,4879
69,12/24/2018,PM2,5108
69,12/24/2018,PM17,4816
69,12/24/2018,PM13,5069
69,12/24/2018,PM8,5931
69,12/24/2018,PM19,4396
69,12/24/2018,PM9,6077
69,12/24/2018,PM4,5432
69,12/24/2018,PM20,4915
69,12/24/2018,PM15,5029
69,12/24/2018,PM21,4630
69,12/24/2018,PM16,4608
69,12/24/2018,PM11,4789
69,12/24/2018,PM1,5739
69,12/24/2018,PM22,5278
69,12/24/2018,PM18,4743
